StateDesc,COUNTY,mean,median,std,min,max,count,range
Missouri,St. Louis city,0.8862682692307692,0.91035,0.0935882505118488,0.5686,1.0,104,0.4314
New Jersey,Union County,0.8513983333333334,0.86175,0.1026577474253287,0.5388,1.0,120,0.46120000000000005
New Jersey,Passaic County,0.8324575000000001,0.8894,0.1686394172562305,0.0309,0.9997,120,0.9688
California,Sutter County,0.8275095238095238,0.863,0.15433498276399263,0.4807,0.9943,21,0.5136
New Jersey,Bergen County,0.8204034482758621,0.8247,0.135091724387364,0.3844,0.9989,203,0.6145
Oregon,Wasco County,0.8127,0.9016,0.21363163890879353,0.4626,0.9943,8,0.5317
Pennsylvania,Lehigh County,0.7987012345679012,0.8748,0.20571082524616152,0.1406,0.997,81,0.8564
California,Stanislaus County,0.7986526785714286,0.85265,0.17831790821215074,0.3466,0.9998,112,0.6532
Kansas,Montgomery County,0.78595,0.7941,0.12198983191606212,0.5552,0.9222,12,0.367
Louisiana,St. John the Baptist Parish,0.7783272727272728,0.8071,0.14420773967377123,0.5401,0.9819,11,0.44179999999999997
California,Merced County,0.7772507936507936,0.8158,0.19285576916694208,0.2179,0.9954,63,0.7775
Virginia,Winchester city,0.7766166666666666,0.7705500000000001,0.07667785642978471,0.6557,0.8617,6,0.20600000000000007
Arkansas,Union County,0.7728416666666668,0.78295,0.19738846543777272,0.266,0.994,12,0.728
California,Glenn County,0.762525,0.7381,0.11178481560569847,0.6473,0.9101,8,0.26280000000000003
Idaho,Caribou County,0.76155,0.76155,0.13116830791010456,0.6688,0.8543,2,0.1855
Indiana,Elkhart County,0.7615266666666667,0.8376,0.22216019547737495,0.1496,0.9913,45,0.8416999999999999
California,Sacramento County,0.7604873278236914,0.8107,0.2077773230445735,0.2152,0.9991,363,0.7839
Pennsylvania,Northampton County,0.757927027027027,0.83415,0.2125826326346761,0.1402,0.991,74,0.8508
Pennsylvania,Lancaster County,0.7491396551724138,0.81115,0.1988773823148369,0.1807,0.991,116,0.8103
Idaho,Power County,0.7433,0.7433,0.10960155108391488,0.6658,0.8208,2,0.15500000000000003
Michigan,Berrien County,0.7345754716981132,0.8148,0.21900195547569212,0.2717,0.9981,53,0.7263999999999999
Indiana,Henry County,0.7330692307692307,0.7277,0.13378700350815956,0.4565,0.9745,13,0.518
Texas,Harrison County,0.7314375,0.79315,0.17844814326109795,0.3477,0.9788,16,0.6311
California,Fresno County,0.7291973333333334,0.7506,0.20737223560544463,0.1068,0.9985,225,0.8917
Ohio,Hancock County,0.7284400000000001,0.7456,0.19147496591311505,0.1637,0.9578,15,0.7941
Connecticut,Greater Bridgeport Planning Region,0.7277756410256411,0.77685,0.2117651757458593,0.2039,0.9932,78,0.7893
West Virginia,Brooke County,0.7271875,0.84535,0.23918837428448972,0.2614,0.9336,8,0.6721999999999999
Louisiana,West Baton Rouge Parish,0.7255333333333334,0.80225,0.2720227833595316,0.3209,0.9873,6,0.6663999999999999
Texas,Orange County,0.72525,0.7523,0.1920137517720156,0.3353,0.9801,24,0.6448
Illinois,LaSalle County,0.7247928571428571,0.71395,0.18223597833287972,0.4085,0.9734,28,0.5649000000000001
Indiana,Vigo County,0.721921875,0.7909999999999999,0.21051858508772733,0.2582,0.9823,32,0.7241
Indiana,LaPorte County,0.7216833333333333,0.7806,0.1962030863466577,0.3234,0.9707,30,0.6473
Virginia,Petersburg city,0.7207272727272728,0.7061,0.09444059604755883,0.5686,0.8314,11,0.26280000000000003
Indiana,Delaware County,0.7197558823529411,0.7307,0.18378634201105348,0.2495,0.9538,34,0.7042999999999999
Pennsylvania,Schuylkill County,0.7187642857142856,0.74325,0.2010137634183881,0.1491,0.9823,42,0.8331999999999999
California,Colusa County,0.7179833333333333,0.7074499999999999,0.06891651229325718,0.6201,0.8036,6,0.1835
Tennessee,Hamblen County,0.7177916666666667,0.7229,0.12093302773423684,0.4767,0.908,12,0.4313
Ohio,Van Wert County,0.7163222222222222,0.758,0.18472057802108685,0.4521,0.9515,9,0.4994
California,Tehama County,0.7154071428571429,0.7431,0.1762198734286482,0.3734,0.9233,14,0.5499
Nebraska,Platte County,0.7153875,0.7181500000000001,0.21437115635871218,0.3998,0.953,8,0.5531999999999999
Kentucky,Campbell County,0.708468,0.8051,0.25832648547913156,0.1227,0.9714,25,0.8487
Indiana,Fayette County,0.7076142857142858,0.7387,0.0776854003566399,0.5713,0.8034,7,0.23209999999999997
Pennsylvania,Northumberland County,0.7072360000000001,0.7141,0.1281982152761886,0.398,0.8802,25,0.48219999999999996
Oregon,Clackamas County,0.7061781609195402,0.7413,0.22140718010315208,0.1406,0.9961,87,0.8554999999999999
Oregon,Morrow County,0.7059000000000001,0.6665,0.10197784073022922,0.6295,0.8217,3,0.19220000000000004
Ohio,Allen County,0.7052714285714285,0.7462,0.18384966616205525,0.2975,0.9727,35,0.6752
Texas,Gregg County,0.7040033333333333,0.76335,0.21535157058638552,0.2442,0.995,30,0.7508
California,Yuba County,0.7037894736842105,0.8103,0.2787068409931379,0.1288,0.9872,19,0.8583999999999999
New Jersey,Camden County,0.7033178294573643,0.7192,0.18574132989927672,0.1122,0.9905,129,0.8783000000000001
Missouri,St. Louis County,0.7007440677966101,0.73865,0.20387099635835537,0.1747,0.9996,236,0.8249000000000001
Oregon,Linn County,0.7006500000000001,0.82165,0.26873167465515296,0.1867,0.9942,28,0.8075
California,Sierra County,0.7006,0.7006,,0.7006,0.7006,1,0.0
Illinois,Christian County,0.69852,0.6353,0.23110930458695655,0.3935,0.9761,10,0.5826
Michigan,Kalamazoo County,0.6959823529411765,0.66295,0.2153903204224704,0.177,0.9982,68,0.8211999999999999
Virginia,Franklin city,0.6932,0.6932,0.005374011537017758,0.6894,0.697,2,0.00759999999999994
New Jersey,Warren County,0.6915869565217392,0.6778,0.23980600171492378,0.2114,0.981,23,0.7696
Idaho,Benewah County,0.6913499999999999,0.6913499999999999,0.08619631662664011,0.6304,0.7523,2,0.12190000000000001
Nevada,Mineral County,0.6912499999999999,0.6912499999999999,0.11490485194281391,0.61,0.7725,2,0.16249999999999998
Georgia,Richmond County,0.6911785714285715,0.7343,0.2618201462588641,0.1362,0.9988,56,0.8626
Michigan,Calhoun County,0.68986,0.73195,0.2040950115597874,0.282,0.9846,40,0.7026000000000001
California,Madera County,0.6893588235294117,0.7759499999999999,0.2591285256365535,0.2202,0.9846,34,0.7644
Connecticut,South Central Connecticut Planning Region,0.68892,0.7257,0.20902679603985358,0.0574,0.9954,135,0.938
Louisiana,Iberville Parish,0.6884111111111112,0.7106,0.24475998674438415,0.1812,0.9483,9,0.7671
Ohio,Darke County,0.6875571428571429,0.7463,0.1755049318364048,0.373,0.909,14,0.536
Pennsylvania,Dauphin County,0.6873253731343284,0.7607,0.24352362983054338,0.1062,0.9809,67,0.8747
Virginia,Richmond city,0.6869746666666666,0.7565,0.20495657159857408,0.1582,0.9278,75,0.7696
Louisiana,St. Charles Parish,0.6865923076923076,0.662,0.18067399029531275,0.4027,0.9315,13,0.5287999999999999
Alabama,Jefferson County,0.6865132275132275,0.7293,0.2332593424382838,0.09,0.9998,189,0.9098
Arkansas,Miller County,0.6843,0.7584500000000001,0.24118016247036314,0.204,0.9467,14,0.7427
Ohio,Sandusky County,0.6830866666666666,0.6905,0.1521009010336168,0.3021,0.8724,15,0.5703
Pennsylvania,Lebanon County,0.6829969696969698,0.7279,0.20647850597103395,0.2529,0.9781,33,0.7252
Utah,Carbon County,0.682,0.79,0.15808481900549465,0.4665,0.8007,5,0.33419999999999994
New Jersey,Somerset County,0.6806608108108108,0.7363,0.22400550618083825,0.1367,0.9955,74,0.8588
Indiana,Shelby County,0.6806,0.698,0.1213997894927701,0.4979,0.8998,10,0.40190000000000003
Arkansas,Columbia County,0.6805000000000001,0.6863,0.12081736906035764,0.5199,0.8267,7,0.30679999999999996
Iowa,Jefferson County,0.68038,0.6701,0.10950373053005999,0.5767,0.8418,5,0.2651
Indiana,Randolph County,0.6803,0.70685,0.16230799645823282,0.4473,0.8773,8,0.43
Indiana,DeKalb County,0.6791222222222222,0.7307,0.15321142889629494,0.3389,0.8314,9,0.49250000000000005
California,Santa Clara County,0.6751127450980393,0.68935,0.20030953941746044,0.113,1.0,408,0.887
Illinois,Rock Island County,0.6742651162790698,0.7168,0.19732302243459646,0.267,0.9064,43,0.6394
Ohio,Hamilton County,0.6736194690265487,0.7517499999999999,0.25933472505484556,0.155,0.993,226,0.838
Indiana,St. Joseph County,0.6727951219512195,0.6850499999999999,0.22410253930747645,0.1217,0.9941,82,0.8724
Ohio,Wood County,0.6716580645161291,0.6699,0.14958468008499073,0.3655,0.9585,31,0.593
Indiana,Marshall County,0.6711833333333334,0.67615,0.21170876579667533,0.3534,0.9531,12,0.5996999999999999
New Jersey,Morris County,0.6710663636363636,0.7149,0.22608951473858527,0.0965,0.9813,110,0.8847999999999999
Nebraska,Dakota County,0.67074,0.6333,0.1029736519698121,0.5837,0.836,5,0.25229999999999997
Indiana,Jay County,0.6704285714285714,0.6185,0.15910869151082135,0.4801,0.9255,7,0.44539999999999996
Wisconsin,Racine County,0.6699304347826087,0.69555,0.19215353799566434,0.0944,0.9265,46,0.8321
Virginia,Martinsville city,0.66948,0.6879,0.07525169101090025,0.5757,0.7558,5,0.18010000000000004
Ohio,Lucas County,0.6693029761904762,0.7268,0.24152076674591025,0.0714,0.9696,168,0.8982
Ohio,Auglaize County,0.6683090909090909,0.6639,0.1573113756506214,0.4482,0.8772,11,0.429
Illinois,Warren County,0.66828,0.716,0.16939827921203926,0.3737,0.7962,5,0.42250000000000004
Ohio,Shelby County,0.6662600000000001,0.6851,0.1353731484945716,0.3932,0.8834,10,0.49019999999999997
Rhode Island,Providence County,0.6657813793103448,0.6943,0.18066682502537912,0.0655,0.9565,145,0.891
Iowa,Des Moines County,0.6654545454545455,0.6641,0.15784204359825277,0.4501,0.9121,11,0.462
Indiana,Knox County,0.665209090909091,0.7073,0.19619984941148882,0.1702,0.8612,11,0.691
Louisiana,St. Bernard Parish,0.6650294117647059,0.7138,0.18796128179995567,0.3113,0.9016,17,0.5902999999999999
Indiana,Jackson County,0.6642272727272727,0.6847,0.21311984933792108,0.3441,0.9499,11,0.6057999999999999
Virginia,Colonial Heights city,0.66422,0.7573,0.22669503082335085,0.3248,0.8802,5,0.5554
Wisconsin,Outagamie County,0.6629659574468085,0.7311,0.25198683391813376,0.0856,0.9814,47,0.8958
California,Yolo County,0.6625660377358491,0.7027,0.26172048650259006,0.0807,0.9967,53,0.916
West Virginia,Kanawha County,0.6615947368421053,0.7451,0.27426452261395684,0.081,0.9796,57,0.8986000000000001
Oregon,Marion County,0.6600892307692308,0.7223,0.23891147819529632,0.1625,0.9853,65,0.8228
New Jersey,Burlington County,0.6599034188034187,0.6897,0.24071474101088028,0.1106,0.9878,117,0.8772
Kansas,Clay County,0.65845,0.65845,0.12013744212359438,0.5735,0.7434,2,0.16989999999999994
Nebraska,Jefferson County,0.6581666666666667,0.639,0.06500494852957993,0.6049,0.7306,3,0.12570000000000003
Missouri,Buchanan County,0.6578038461538461,0.6879,0.18612883168551664,0.2499,0.9422,26,0.6923
Illinois,Grundy County,0.65678,0.6679,0.14776571396038463,0.345,0.8894,10,0.5444
Ohio,Seneca County,0.6560499999999999,0.6375500000000001,0.14838398602171432,0.4389,0.9346,14,0.4957
Michigan,Kent County,0.6557841379310345,0.6993,0.246922157852053,0.0731,0.9914,145,0.9182999999999999
Louisiana,Winn Parish,0.6543,0.7734,0.2507092738611797,0.3586,0.8873,5,0.5287
Arkansas,Calhoun County,0.65415,0.65415,0.003464823227814133,0.6517,0.6566,2,0.0049000000000000155
Ohio,Lawrence County,0.6533722222222222,0.7200500000000001,0.2992603092834369,0.0502,0.9854,18,0.9352
Indiana,Clinton County,0.6529,0.6874,0.15659986316359648,0.409,0.867,8,0.458
Oregon,Hood River County,0.6515333333333334,0.65575,0.10077933650638245,0.5187,0.8141,6,0.2954
Pennsylvania,Washington County,0.6514129032258065,0.6952,0.21752751059018782,0.1027,0.9742,62,0.8714999999999999
West Virginia,Hancock County,0.6513625,0.66125,0.19143846409672818,0.2481,0.879,8,0.6309
Michigan,Muskegon County,0.6510444444444444,0.7486,0.2747960148873702,0.0785,0.9642,45,0.8856999999999999
Indiana,Lake County,0.6504305343511451,0.7412,0.29054703998680986,0.0625,0.9977,131,0.9352
Ohio,Butler County,0.6493918604651163,0.69485,0.23922451242448636,0.1442,0.9942,86,0.85
California,Butte County,0.6491907407407408,0.6620999999999999,0.20400920555304444,0.1949,0.9841,54,0.7892
Michigan,Lenawee County,0.648968,0.7143,0.2512719023952605,0.2131,0.9819,25,0.7687999999999999
Ohio,Defiance County,0.6487111111111111,0.6612,0.11957592195384117,0.419,0.8041,9,0.38510000000000005
Indiana,Bartholomew County,0.64745625,0.68725,0.16804823501502975,0.1879,0.907,16,0.7191000000000001
Illinois,Boone County,0.64664,0.71795,0.2917324923814814,0.1404,0.933,10,0.7926000000000001
Ohio,Lorain County,0.6465455696202532,0.6915,0.233997503163026,0.1199,0.9908,79,0.8709
Texas,Brazoria County,0.6454584415584416,0.6747,0.20508158476095706,0.2077,0.9654,77,0.7577
Nebraska,Cheyenne County,0.6451666666666667,0.6499,0.06013986475985237,0.5828,0.7028,3,0.12
Georgia,Bibb County,0.6449833333333334,0.67245,0.2108286874715889,0.1741,0.9902,48,0.8160999999999999
Missouri,Grundy County,0.644,0.6592,0.0744176502361279,0.5441,0.7135,4,0.1694
Kentucky,Kenton County,0.6437181818181817,0.6621,0.24782656282797644,0.059,0.9641,44,0.9051
Nebraska,Keith County,0.6435666666666667,0.644,0.056151254067325414,0.5872,0.6995,3,0.11229999999999996
Indiana,Tipton County,0.64338,0.6308,0.10878527933502768,0.5369,0.7703,5,0.23339999999999994
Connecticut,Western Connecticut Planning Region,0.6425406896551724,0.688,0.27022635329184674,0.0458,0.9892,145,0.9434
Louisiana,Webster Parish,0.6412384615384615,0.6196,0.1495612279216639,0.4174,0.9119,13,0.49450000000000005
Indiana,Wayne County,0.6410777777777779,0.7073,0.18171836177595255,0.2125,0.8955,18,0.6829999999999999
Indiana,Rush County,0.64104,0.6453,0.11103829519584675,0.4676,0.7717,5,0.30410000000000004
Pennsylvania,Westmoreland County,0.6401371681415929,0.6839,0.21338346317415205,0.0273,0.9334,113,0.9061
Oregon,Washington County,0.6398544776119403,0.7114499999999999,0.23622403588580093,0.1194,0.9529,134,0.8334999999999999
Wisconsin,Winnebago County,0.6395733333333333,0.6514,0.2416266169112997,0.0825,0.9828,45,0.9003
North Dakota,Mercer County,0.6386333333333334,0.5997,0.11888167787061778,0.5441,0.7721,3,0.22799999999999998
Ohio,Summit County,0.6381253623188406,0.6982999999999999,0.21667683058901646,0.1065,0.9562,138,0.8497
Ohio,Henry County,0.6378571428571428,0.6604,0.134557903981184,0.4533,0.8317,7,0.3784
Wisconsin,Ozaukee County,0.6377380952380952,0.5946,0.17002148533697287,0.3496,0.9268,21,0.5771999999999999
Virginia,Waynesboro city,0.63744,0.6484,0.0798380423106679,0.5519,0.7298,5,0.17790000000000006
Iowa,Plymouth County,0.6373166666666666,0.58865,0.26832487336560257,0.3186,0.9737,6,0.6551
Iowa,Wapello County,0.6371818181818182,0.6647,0.20651667641225402,0.3318,0.9025,11,0.5707
Kansas,Wilson County,0.6369,0.6674500000000001,0.21954609235116587,0.3424,0.8703,4,0.5279
Iowa,Lee County,0.6366909090909091,0.6024,0.17441293217273451,0.3041,0.9013,11,0.5972
Illinois,DuPage County,0.6359219178082192,0.6665,0.2219022513415165,0.1405,0.9962,219,0.8556999999999999
Minnesota,Rice County,0.63555625,0.70275,0.24264346400634823,0.0445,0.9734,16,0.9289000000000001
Ohio,Guernsey County,0.63493,0.6576500000000001,0.18471476539669363,0.1871,0.9159,10,0.7288000000000001
Indiana,Huntington County,0.6334666666666666,0.6231,0.17130152509537097,0.3406,0.8325,9,0.4919
Maryland,Cecil County,0.6333285714285714,0.6742,0.2363736346187052,0.284,0.9727,21,0.6887000000000001
Iowa,Pottawattamie County,0.6332233333333334,0.655,0.2126404050282418,0.2331,0.9717,30,0.7386
Ohio,Clark County,0.6327333333333333,0.6875,0.18113535872881967,0.1373,0.8763,45,0.739
Pennsylvania,Beaver County,0.6325037735849056,0.67,0.21340304316396252,0.0761,0.8849,53,0.8088
Missouri,Scott County,0.6307181818181818,0.6372,0.18480906264673175,0.3596,0.9695,11,0.6099000000000001
Ohio,Fulton County,0.6300600000000001,0.7053499999999999,0.17657290090309255,0.3593,0.8181,10,0.45880000000000004
Minnesota,Clay County,0.6293,0.6305000000000001,0.13221584877262887,0.392,0.8157,16,0.42369999999999997
Kansas,Cowley County,0.6280181818181818,0.6776,0.22823340604820241,0.2888,0.908,11,0.6192
Iowa,Montgomery County,0.627625,0.61555,0.25996574614103807,0.3778,0.9016,4,0.5237999999999999
Ohio,Miami County,0.6270695652173913,0.6664,0.21105959829304266,0.1216,0.9498,23,0.8281999999999999
Louisiana,Bossier Parish,0.6267030303030303,0.6502,0.2726201185771701,0.1095,0.9903,33,0.8807999999999999
California,Shasta County,0.6246659999999999,0.6557,0.24208175850319658,0.1905,0.9895,50,0.799
Nebraska,York County,0.624625,0.7065999999999999,0.28733721623439823,0.2118,0.8735,4,0.6617000000000001
Kentucky,Henderson County,0.6242642857142858,0.72235,0.24402917419264208,0.2503,0.8987,14,0.6484000000000001
Michigan,St. Joseph County,0.6237555555555556,0.6535500000000001,0.20502397054181745,0.2192,0.9494,18,0.7302
Indiana,Howard County,0.6234,0.6355,0.22135124576112059,0.1893,0.9092,21,0.7199
Ohio,Williams County,0.6228111111111111,0.6107,0.15992346172813765,0.3811,0.8569,9,0.4758
Iowa,Scott County,0.6219354166666667,0.7001,0.21997220664823783,0.0616,0.9031,48,0.8415
Nevada,Storey County,0.6219,0.6219,,0.6219,0.6219,1,0.0
Kansas,Brown County,0.6210666666666667,0.6321,0.04205000990883748,0.5746,0.6565,3,0.08189999999999997
Texas,Ellis County,0.6204305555555556,0.68455,0.20440226979372172,0.136,0.8962,36,0.7602
Montana,Cascade County,0.619552,0.6679,0.22421744862223966,0.1039,0.9619,25,0.858
Wisconsin,Sheboygan County,0.6194714285714286,0.6671499999999999,0.25086934456471166,0.0745,0.9539,28,0.8794
Illinois,Logan County,0.6189875,0.5947,0.15792023698690424,0.4002,0.8344,8,0.43420000000000003
Missouri,Jasper County,0.6178413793103449,0.6451,0.22755221303070733,0.1329,0.9334,29,0.8005
Illinois,Livingston County,0.616,0.6536500000000001,0.13539175257993621,0.3381,0.8124,10,0.4743
Wisconsin,Kenosha County,0.6148404761904762,0.6723,0.19328505810737825,0.1157,0.8237,42,0.708
Minnesota,Stevens County,0.6146666666666666,0.6021,0.05268627272196556,0.5694,0.6725,3,0.10309999999999997
Arkansas,Ouachita County,0.614275,0.6450499999999999,0.1629077543537183,0.3844,0.878,8,0.4936
West Virginia,Ohio County,0.6135722222222222,0.7112499999999999,0.2339927545523718,0.1857,0.8674,18,0.6817
Maryland,Wicomico County,0.6131142857142857,0.6389,0.2446430977683905,0.1107,0.8986,21,0.7878999999999999
Ohio,Tuscarawas County,0.6125833333333334,0.579,0.2642590719378415,0.2265,0.9536,24,0.7271
Indiana,Decatur County,0.6120833333333333,0.59335,0.2101700398883406,0.3046,0.8528,6,0.5482
Indiana,Dubois County,0.6106555555555555,0.6661,0.14411427853539627,0.3067,0.7369,9,0.4302
Pennsylvania,Montour County,0.61025,0.6275,0.1281955407440784,0.4379,0.7481,4,0.3102
Ohio,Erie County,0.6098315789473684,0.6099,0.16119910067515741,0.2571,0.8605,19,0.6034
Ohio,Harrison County,0.60956,0.6683,0.19063014714362467,0.3789,0.8028,5,0.42389999999999994
New Jersey,Hunterdon County,0.60914,0.60755,0.15146708439516623,0.3273,0.8621,30,0.5347999999999999
Pennsylvania,Columbia County,0.60851875,0.7175,0.2853871060361113,0.1027,0.9543,16,0.8516
Ohio,Mercer County,0.6084444444444445,0.6367,0.11854568856680436,0.4521,0.7837,9,0.33159999999999995
Nebraska,Kimball County,0.6081,0.6081,,0.6081,0.6081,1,0.0
Wisconsin,Jefferson County,0.6079238095238095,0.623,0.2485381417504402,0.0971,0.9536,21,0.8565
Illinois,Winnebago County,0.6078725,0.60635,0.24271472705183775,0.1339,0.9924,80,0.8584999999999999
Mississippi,Coahoma County,0.6066285714285715,0.6487,0.17733091208515334,0.3031,0.821,7,0.5179
Georgia,Polk County,0.606425,0.61375,0.1613678561548117,0.3033,0.8451,8,0.5418
Michigan,Eaton County,0.6053275862068965,0.6114,0.19845954049080797,0.2358,0.916,29,0.6802
Ohio,Columbiana County,0.605116,0.6211,0.1938723757183232,0.2837,0.9211,25,0.6374
Washington,Whitman County,0.605025,0.6415,0.1488730461286944,0.3328,0.79,12,0.45720000000000005
Kansas,McPherson County,0.6043428571428571,0.5938,0.19552059445782907,0.2995,0.8512,7,0.5517
Tennessee,Madison County,0.603925,0.6038,0.3086289893311313,0.0614,0.9704,28,0.909
Washington,Spokane County,0.6034953846153847,0.5998,0.2677132933202861,0.0794,0.999,130,0.9196
Indiana,Union County,0.60315,0.60315,0.048436814511278514,0.5689,0.6374,2,0.0685
Utah,Davis County,0.602619696969697,0.61595,0.24935907394740373,0.1613,0.9989,66,0.8376
Idaho,Bannock County,0.6025208333333333,0.6445000000000001,0.19578954535122803,0.1486,0.9317,24,0.7830999999999999
Indiana,Hendricks County,0.6005032258064517,0.6347,0.20025619671456024,0.0635,0.9257,31,0.8622
Washington,Yakima County,0.6004526315789473,0.5921,0.2686168042725436,0.0782,0.9968,57,0.9186
Oklahoma,Washington County,0.600157142857143,0.55665,0.2865772542218985,0.1211,0.9937,14,0.8726
Wisconsin,Waukesha County,0.5995816326530612,0.6095999999999999,0.24666096994083256,0.0821,0.9748,98,0.8927
Indiana,Clark County,0.5994518518518519,0.6964,0.21712940198871547,0.1297,0.8387,27,0.709
Georgia,Dougherty County,0.5993655172413793,0.6582,0.21164285495661597,0.0682,0.9187,29,0.8504999999999999
Illinois,Macon County,0.5989432432432432,0.6287,0.2204504864294179,0.1092,0.9452,37,0.8360000000000001
Ohio,Lake County,0.598628813559322,0.6283,0.23064305460651366,0.0539,0.9429,59,0.889
California,Imperial County,0.59855,0.5707,0.2306817977103347,0.0885,0.964,40,0.8755
Montana,Daniels County,0.5984,0.5984,,0.5984,0.5984,1,0.0
California,Amador County,0.59833,0.7145999999999999,0.3278320574454074,0.1442,0.9426,10,0.7984
New Jersey,Gloucester County,0.5972260869565217,0.634,0.2697035707479024,0.1,0.9876,69,0.8876000000000001
Oregon,Lane County,0.5972130434782609,0.6268499999999999,0.2774014598697854,0.0813,0.9894,92,0.9080999999999999
Kentucky,Daviess County,0.5971791666666667,0.68495,0.2651153841979107,0.1042,0.9566,24,0.8524
Georgia,Peach County,0.596175,0.5627,0.10898682423643172,0.4866,0.8009,8,0.31429999999999997
Idaho,Butte County,0.5952,0.5952,,0.5952,0.5952,1,0.0
Michigan,Branch County,0.5946846153846154,0.557,0.19636213503861444,0.252,0.9372,13,0.6852
Illinois,Peoria County,0.5945367346938776,0.6177,0.16999701675553694,0.2974,0.9155,49,0.6181
Nebraska,Scotts Bluff County,0.5932909090909091,0.5971,0.16394421279536192,0.3971,0.9064,11,0.5093
Ohio,Ashtabula County,0.5932821428571428,0.6276999999999999,0.23043692646084216,0.15,0.9696,28,0.8196
Nebraska,Madison County,0.5924222222222222,0.6098,0.1896503346805495,0.3202,0.8351,9,0.5148999999999999
West Virginia,Cabell County,0.59215,0.7042999999999999,0.2886602640307513,0.1002,0.9285,34,0.8283
Ohio,Marion County,0.592111111111111,0.6634,0.18145867099988847,0.2859,0.8797,18,0.5938000000000001
Illinois,Madison County,0.5919555555555556,0.5522,0.2875700704388174,0.1541,0.9915,63,0.8374
Texas,Camp County,0.5907333333333333,0.5994,0.05749202843293439,0.5294,0.6434,3,0.11399999999999999
Washington,King County,0.5904787449392713,0.5777,0.2530745916499456,0.0483,0.9988,494,0.9505
Indiana,Cass County,0.5903727272727273,0.5413,0.2451249032265351,0.2106,0.9285,11,0.7179
Washington,Clark County,0.5902173913043478,0.5648,0.24871722767836615,0.1457,0.9939,115,0.8482000000000001
Iowa,Cass County,0.59008,0.6384,0.27472558490246224,0.2169,0.8884,5,0.6715
Kansas,Wabaunsee County,0.58995,0.58995,0.24741666273717303,0.415,0.7649,2,0.34990000000000004
Indiana,Hancock County,0.5898866666666667,0.5585,0.19236075062484131,0.2963,0.951,15,0.6547
Massachusetts,Essex County,0.5892682080924855,0.621,0.20453608164013667,0.0034,0.9389,173,0.9355
Minnesota,Pennington County,0.5882,0.6307,0.1724551390942004,0.3314,0.783,5,0.45160000000000006
Indiana,Wabash County,0.5881625,0.60855,0.13803357704869182,0.3264,0.7527,8,0.4263
Illinois,Marion County,0.5866083333333333,0.5645,0.14348781676715994,0.3732,0.8555,12,0.48230000000000006
Virginia,Prince George County,0.5861571428571429,0.6159,0.19747138068711675,0.2447,0.8294,7,0.5847
Kansas,Thomas County,0.5848,0.5848,0.03846660889654819,0.5576,0.612,2,0.054400000000000004
Minnesota,Rock County,0.5842666666666667,0.6055,0.12916564300669642,0.4458,0.7015,3,0.25570000000000004
Colorado,Boulder County,0.5842525641025641,0.6037,0.2353140376009075,0.0759,0.9764,78,0.9005000000000001
Georgia,Muscogee County,0.5840169491525424,0.6021,0.21684304839862337,0.081,0.882,59,0.801
Kansas,Geary County,0.5835090909090909,0.6472,0.18491796264584714,0.1934,0.7871,11,0.5937
Ohio,Muskingum County,0.5829428571428571,0.5799,0.2567712670285142,0.0957,0.9237,21,0.828
Ohio,Jefferson County,0.5826818181818182,0.6348499999999999,0.23770367634708084,0.1697,0.963,22,0.7933
Minnesota,Brown County,0.5823125,0.61025,0.09019359238406496,0.4548,0.6883,8,0.23350000000000004
Nevada,Churchill County,0.5818714285714286,0.5889,0.11007636310437273,0.3765,0.6935,7,0.317
Indiana,Grant County,0.58106875,0.5725,0.1459058267913474,0.3296,0.8258,16,0.4962
Wyoming,Weston County,0.58105,0.58105,0.1465832357399713,0.4774,0.6847,2,0.20729999999999998
Iowa,Cerro Gordo County,0.5808916666666667,0.62795,0.18169383067694014,0.2579,0.8167,12,0.5588
Louisiana,Red River Parish,0.57985,0.57985,0.1516744045645145,0.4726,0.6871,2,0.21450000000000002
Indiana,Adams County,0.5794857142857143,0.5697,0.0973288828075789,0.427,0.6949,7,0.26789999999999997
Iowa,Sioux County,0.5794222222222223,0.5854,0.17814930380005542,0.3279,0.8986,9,0.5707
Illinois,Kankakee County,0.5783533333333334,0.6144499999999999,0.1893055580241916,0.1724,0.8538,30,0.6814
Maryland,Prince George's County,0.577507476635514,0.58555,0.21019523395111123,0.1074,0.9691,214,0.8616999999999999
Oklahoma,Carter County,0.57731875,0.6081000000000001,0.24930561758278402,0.1137,0.9446,16,0.8309
Indiana,Daviess County,0.576775,0.5538,0.207411266741777,0.3014,0.9198,8,0.6184
Nevada,Lyon County,0.5766444444444444,0.6159,0.14923491241987352,0.2995,0.7586,18,0.45910000000000006
Texas,Grayson County,0.5762633333333333,0.60155,0.23912743894725103,0.0108,0.9136,30,0.9027999999999999
Kansas,Sumner County,0.5759333333333333,0.5937,0.1875469185741708,0.2949,0.8069,6,0.512
Ohio,Stark County,0.57538,0.611,0.19260976511583608,0.0878,0.9217,90,0.8339
Kentucky,Hickman County,0.5751,0.5751,,0.5751,0.5751,1,0.0
Ohio,Paulding County,0.57506,0.6458,0.13785299416407323,0.3956,0.6934,5,0.2978
Texas,Refugio County,0.5750500000000001,0.5750500000000001,0.013222896808188434,0.5657,0.5844,2,0.01870000000000005
Indiana,Pike County,0.574475,0.59455,0.07792463773843716,0.4712,0.6376,4,0.16639999999999994
Indiana,Whitley County,0.57375,0.6093,0.21164560000151195,0.1869,0.8083,8,0.6214
Montana,Judith Basin County,0.5735,0.5735,,0.5735,0.5735,1,0.0
Ohio,Portage County,0.5729894736842105,0.58365,0.23623298827866282,0.0804,0.9068,38,0.8264
West Virginia,Monongalia County,0.5706607142857143,0.60975,0.2606092894215481,0.0216,0.8812,28,0.8596
Michigan,Ottawa County,0.5692125,0.5708,0.22116562098292286,0.0965,0.9228,64,0.8262999999999999
West Virginia,Wayne County,0.5691454545454545,0.6129,0.37125308177478167,0.0522,0.9956,11,0.9434
Indiana,Johnson County,0.5684964285714286,0.54555,0.19024525201091988,0.3173,0.8637,28,0.5464
Georgia,Crisp County,0.56775,0.5771,0.16782525137773519,0.2702,0.7489,6,0.4787
Nebraska,Gage County,0.5675571428571429,0.6197,0.21068208163915964,0.2727,0.8434,7,0.5707
Oregon,Umatilla County,0.567188888888889,0.5741,0.21631211624406743,0.1584,0.8942,18,0.7358
Nebraska,Nemaha County,0.56715,0.56715,0.04306280297426075,0.5367,0.5976,2,0.060900000000000065
Kansas,Pottawatomie County,0.5671,0.4858,0.16493063693565238,0.4759,0.8593,5,0.38339999999999996
Washington,Cowlitz County,0.5666633333333333,0.6286,0.32029818917456554,0.1034,0.9649,30,0.8614999999999999
Iowa,Clarke County,0.5661333333333333,0.6209,0.15727219504201415,0.3888,0.6887,3,0.2999
Washington,Pierce County,0.5660761658031088,0.5677,0.2545371855033609,0.0894,0.9658,193,0.8764
Indiana,Pulaski County,0.566025,0.5456000000000001,0.08801001363481316,0.4828,0.6901,4,0.20730000000000004
Nebraska,Dodge County,0.5652444444444444,0.6312,0.22205906371453918,0.1582,0.8632,9,0.705
Ohio,Putnam County,0.5649875,0.6387,0.18062934769853986,0.2497,0.7932,8,0.5435
New York,Cortland County,0.5649,0.6478,0.30358780443225974,0.0939,0.9086,13,0.8147
California,Nevada County,0.5649,0.6006,0.22676219261596497,0.1531,0.9022,26,0.7491
Oklahoma,Rogers County,0.5648821428571429,0.49205,0.20036465840057432,0.244,0.855,28,0.611
Ohio,Huron County,0.5646615384615384,0.5789,0.13568120441228854,0.3755,0.8333,13,0.45780000000000004
Virginia,Fredericksburg city,0.5639857142857142,0.5596,0.19645974505880698,0.2779,0.7915,7,0.5136000000000001
Wisconsin,Dodge County,0.5639149999999999,0.59745,0.1798970883442443,0.242,0.8556,20,0.6136
Illinois,Knox County,0.56353125,0.55255,0.2132333048369008,0.2199,0.9363,16,0.7164
Arkansas,Howard County,0.5634666666666667,0.6292,0.1272442271120122,0.4168,0.6444,3,0.22759999999999997
Nebraska,Perkins County,0.5631,0.5631,,0.5631,0.5631,1,0.0
Virginia,Harrisonburg city,0.5619727272727272,0.6253,0.14458553240839203,0.2459,0.7312,11,0.48529999999999995
Arkansas,Sevier County,0.561925,0.591,0.2978485786995354,0.1826,0.8831,4,0.7005
Kansas,Shawnee County,0.5614956521739131,0.5786500000000001,0.2671591393878452,0.1181,0.9605,46,0.8424
Massachusetts,Bristol County,0.5611223076923076,0.6106,0.23110116421853089,0.0459,0.9496,130,0.9037
Arkansas,Phillips County,0.5610571428571428,0.5835,0.28908620892473613,0.098,0.8579,7,0.7599
Kansas,Allen County,0.56102,0.5588,0.16641104831110226,0.3665,0.7543,5,0.3878
Nebraska,Saunders County,0.56014,0.5878,0.16846177014385197,0.3489,0.801,5,0.45210000000000006
Arkansas,Crittenden County,0.560055,0.54405,0.25108695385212043,0.1026,0.9358,20,0.8331999999999999
Indiana,Blackford County,0.559975,0.62045,0.14203974502464675,0.3481,0.6509,4,0.3028
Utah,Box Elder County,0.559175,0.5606,0.15819317951623119,0.2527,0.7991,12,0.5464
Texas,Hopkins County,0.55847,0.62575,0.2950120376075073,0.1009,0.8934,10,0.7925
Pennsylvania,York County,0.5579222222222222,0.55295,0.2652683914482795,0.0387,0.9592,108,0.9205000000000001
Illinois,St. Clair County,0.5578441176470588,0.49215,0.2743937944679023,0.0644,1.0,68,0.9356
Virginia,Roanoke city,0.557056,0.554,0.1045902484300839,0.3411,0.7406,25,0.3995
Illinois,Bureau County,0.55705,0.49365000000000003,0.2237094358015921,0.2749,0.9096,10,0.6347
New York,Genesee County,0.5570111111111111,0.6209,0.19692981995352588,0.0576,0.7932,18,0.7356
Idaho,Bingham County,0.55687,0.6188,0.2038000002725984,0.2294,0.7616,10,0.5322
Kansas,Bourbon County,0.55628,0.5567,0.22500288220376202,0.2013,0.7596,5,0.5583
California,Siskiyou County,0.5560375,0.5406,0.24228737998500868,0.129,0.8326,16,0.7036
Iowa,Appanoose County,0.55594,0.5585,0.1631415121911036,0.4113,0.8173,5,0.406
Idaho,Cassia County,0.5555333333333333,0.5486500000000001,0.21774860428178794,0.241,0.8177,6,0.5767
Nebraska,Red Willow County,0.5555333333333333,0.5576,0.08791821957554265,0.4666,0.6424,3,0.17579999999999996
Illinois,Massac County,0.55295,0.5853,0.2850430669214742,0.2154,0.8258,4,0.6103999999999999
Indiana,Gibson County,0.5525875,0.4889,0.14226083124719488,0.4008,0.7573,8,0.3565
Kansas,Chase County,0.5524,0.5524,,0.5524,0.5524,1,0.0
Kansas,Marion County,0.552,0.55,0.08758424515859005,0.4531,0.6549,4,0.20180000000000003
Pennsylvania,Indiana County,0.5517583333333334,0.57525,0.21303310605481562,0.0794,0.892,24,0.8126
Kentucky,Boyd County,0.5515933333333333,0.4971,0.25934551544407386,0.2016,0.9433,15,0.7417
Arkansas,Sebastian County,0.551541935483871,0.6214,0.23171376706933575,0.0922,0.9626,31,0.8704000000000001
Washington,Adams County,0.5514571428571429,0.554,0.12500078475944143,0.3903,0.7728,7,0.38250000000000006
Kansas,Cherokee County,0.55125,0.5377000000000001,0.15426167054715828,0.3732,0.7697,6,0.3965000000000001
Missouri,Greene County,0.5509397435897436,0.62035,0.28210117110284344,0.0035,0.9581,78,0.9546
Louisiana,Morehouse Parish,0.550725,0.5842499999999999,0.23991210741793395,0.0974,0.843,8,0.7455999999999999
Texas,Liberty County,0.5507235294117647,0.5601,0.20131895256474167,0.2471,0.8869,17,0.6398
Kansas,Woodson County,0.5507,0.5507,0.17592816715921308,0.4263,0.6751,2,0.24880000000000002
Ohio,Coshocton County,0.5502499999999999,0.6027,0.22952591356968827,0.0544,0.7948,10,0.7404
Iowa,Union County,0.5502,0.58745,0.20337202364140455,0.2703,0.7556,4,0.48530000000000006
Michigan,Bay County,0.5499851851851852,0.6352,0.2179217779629684,0.0785,0.8455,27,0.767
Indiana,Vermillion County,0.5497799999999999,0.5375,0.1443935317110846,0.4032,0.7572,5,0.354
Ohio,Union County,0.549776923076923,0.5576,0.24722251162952424,0.1668,0.9061,13,0.7393000000000001
Ohio,Trumbull County,0.5497333333333333,0.56985,0.169020613904128,0.1132,0.8638,54,0.7506
Ohio,Hardin County,0.5495875,0.5651999999999999,0.19065802922285455,0.2627,0.8029,8,0.5402
Wyoming,Natrona County,0.548635,0.5644499999999999,0.23104628899399085,0.0947,0.8916,20,0.7968999999999999
Louisiana,De Soto Parish,0.5483666666666667,0.5979,0.15689264641786116,0.3278,0.7695,9,0.4417
Pennsylvania,Luzerne County,0.5479871287128713,0.6128,0.27243639538922343,0.0045,0.9902,101,0.9857
Colorado,Morgan County,0.5478,0.55925,0.12717391915910162,0.3822,0.7373,8,0.35509999999999997
Illinois,Lee County,0.5477888888888889,0.5658,0.24741559391257276,0.2532,0.9346,9,0.6814
Illinois,Montgomery County,0.547675,0.62405,0.20855597227465958,0.233,0.7387,8,0.5057
Texas,Fort Bend County,0.5472338345864661,0.552,0.2402581152689931,0.0423,0.987,133,0.9447
Michigan,Monroe County,0.5466599999999999,0.5170999999999999,0.19116068660308816,0.2139,0.9681,40,0.7542
Illinois,Kane County,0.5464644230769231,0.6024499999999999,0.23468970876799358,0.0768,0.9809,104,0.9041
Arkansas,Polk County,0.5458571428571428,0.4867,0.2316735192545957,0.2542,0.8805,7,0.6263
Oklahoma,Noble County,0.5452250000000001,0.5829,0.09837870281044915,0.4005,0.6146,4,0.2141
Louisiana,Lincoln Parish,0.5449416666666667,0.55515,0.18552423736944762,0.2155,0.8569,12,0.6414
Missouri,Stoddard County,0.544325,0.5183,0.2235840254324343,0.2068,0.8799,8,0.6731
Illinois,Moultrie County,0.5442,0.53305,0.13125981868035624,0.4081,0.7026,4,0.2945
Iowa,Hamilton County,0.5422,0.4428,0.19439399424879358,0.3741,0.7887,5,0.41459999999999997
Kansas,Marshall County,0.5421,0.50765,0.0948317457394938,0.4747,0.6784,4,0.2037
Illinois,Wabash County,0.54205,0.6007,0.1665808012147058,0.2987,0.6681,4,0.3694
Nebraska,Hall County,0.5418999999999999,0.5801499999999999,0.2550246413433567,0.0376,0.8998,14,0.8622000000000001
Iowa,Cherokee County,0.54172,0.5586,0.12364439736599474,0.4105,0.7003,5,0.28980000000000006
Indiana,Sullivan County,0.5412875,0.59735,0.1631903396781982,0.2419,0.7696,8,0.5277
Virginia,Lynchburg city,0.5411304347826087,0.5053,0.2091353811959712,0.1797,0.8425,23,0.6628000000000001
Florida,Gadsden County,0.54091,0.5642,0.24824486321193256,0.2028,0.8817,10,0.6789000000000001
Oregon,Klamath County,0.5408727272727273,0.55185,0.225053585538281,0.1734,0.8991,22,0.7257
Connecticut,Naugatuck Valley Planning Region,0.5408612244897959,0.6124,0.2089375947046375,0.0619,0.9488,98,0.8869
Pennsylvania,Greene County,0.5403100000000001,0.5305,0.21241174088704856,0.2348,0.8939,10,0.6591
Oregon,Yamhill County,0.54,0.5135,0.23502700081290895,0.1577,0.9571,19,0.7993999999999999
Iowa,Delaware County,0.53975,0.5355000000000001,0.17258394092923787,0.3347,0.7533,4,0.41859999999999997
Michigan,Cass County,0.5396666666666667,0.4909,0.2134842171037029,0.2039,0.9433,15,0.7394000000000001
Texas,Swisher County,0.5396666666666666,0.5012,0.08160890474288533,0.4844,0.6334,3,0.14899999999999997
Wisconsin,Rock County,0.538690243902439,0.5618,0.2167834654728977,0.0243,0.9096,41,0.8853
Kansas,Anderson County,0.53845,0.53845,0.09298454172603096,0.4727,0.6042,2,0.13149999999999995
Minnesota,Faribault County,0.53815,0.54935,0.14041815765776167,0.3107,0.7016,6,0.3909
Texas,Reeves County,0.537775,0.5403,0.25799975936681285,0.2315,0.839,4,0.6074999999999999
Georgia,Houston County,0.5374315789473684,0.48185,0.23123396260563545,0.1398,0.975,38,0.8351999999999999
California,Modoc County,0.537275,0.57385,0.24049520265485547,0.219,0.7824,4,0.5634
Kansas,Atchison County,0.53714,0.5159,0.14971320249062875,0.3267,0.7307,5,0.404
Oregon,Jackson County,0.536826923076923,0.5178,0.2619561803764242,0.0605,0.9725,52,0.912
Iowa,Humboldt County,0.536575,0.5784499999999999,0.14114506426604745,0.3389,0.6505,4,0.3116
Iowa,Boone County,0.5362285714285714,0.547,0.17934906109117416,0.2939,0.754,7,0.4601
Georgia,Clarke County,0.5362088235294118,0.5354,0.22679556856293753,0.0271,0.9371,34,0.91
Colorado,Larimer County,0.5362011627906977,0.5519000000000001,0.20253559076874308,0.0494,0.8762,86,0.8268
Wisconsin,Manitowoc County,0.5353,0.5192,0.26205172517399433,0.1508,0.9395,19,0.7887
Oklahoma,Kay County,0.5351363636363636,0.4797,0.20197403928588084,0.2524,0.8666,11,0.6142000000000001
Nebraska,Deuel County,0.5349,0.5349,,0.5349,0.5349,1,0.0
Indiana,Fulton County,0.5344333333333333,0.53795,0.2327944558331806,0.277,0.878,6,0.601
Michigan,Wexford County,0.53425,0.5287000000000001,0.37696190410021163,0.1115,0.9698,8,0.8583
Ohio,Crawford County,0.5342230769230769,0.4941,0.2205785089027115,0.1926,0.8698,13,0.6772
Texas,Cooke County,0.5340888888888888,0.5463,0.26155587569601857,0.1766,0.9231,9,0.7465
Indiana,Wells County,0.5332428571428571,0.5549,0.14823538553196242,0.3336,0.7183,7,0.38470000000000004
Wyoming,Sheridan County,0.5332285714285714,0.5165,0.09319749128035788,0.4355,0.6673,7,0.2318
Pennsylvania,Fayette County,0.5331805555555555,0.5436000000000001,0.18950145090955212,0.1512,0.837,36,0.6858
Idaho,Minidoka County,0.53318,0.5234,0.11249547546457146,0.395,0.6988,5,0.30379999999999996
Ohio,Fayette County,0.5324,0.5398,0.16315911456816215,0.2327,0.7545,7,0.5217999999999999
Nebraska,Adams County,0.5324,0.4894,0.15978306387098726,0.3573,0.8276,9,0.4703
Texas,Caldwell County,0.5323727272727272,0.5392,0.10838845040786488,0.3218,0.6765,11,0.3547
Washington,Garfield County,0.5323,0.5323,,0.5323,0.5323,1,0.0
Wisconsin,La Crosse County,0.5317607142857143,0.58965,0.2030034780568417,0.1471,0.8869,28,0.7398
Pennsylvania,Blair County,0.5314078947368421,0.5507,0.14771426468030321,0.1383,0.8109,38,0.6726
Washington,Whatcom County,0.5313962962962963,0.5664499999999999,0.28895029340960265,0.0388,0.9837,54,0.9449000000000001
Michigan,Saginaw County,0.531211475409836,0.5605,0.22476900520190404,0.0999,0.8906,61,0.7907
Indiana,Carroll County,0.5303142857142857,0.54,0.11028264336953221,0.3841,0.6762,7,0.2921
Nevada,Pershing County,0.5303,0.5303,,0.5303,0.5303,1,0.0
Georgia,Evans County,0.5291,0.52,0.043077024038343174,0.4913,0.576,3,0.08469999999999994
Pennsylvania,Lycoming County,0.528975,0.6476500000000001,0.33457056731895746,0.0081,0.9783,32,0.9702
Minnesota,Jackson County,0.5289250000000001,0.5191,0.1784375964681584,0.335,0.7425,4,0.40750000000000003
Kansas,Kingman County,0.5284,0.4847,0.14478373527437394,0.4105,0.69,3,0.27949999999999997
South Carolina,Chester County,0.5283,0.5809,0.21447486566029128,0.1189,0.8298,11,0.7109
Iowa,Muscatine County,0.52818,0.57255,0.18631116624257035,0.2168,0.774,10,0.5572
Virginia,Salem city,0.5277000000000001,0.518,0.036579570801199945,0.4955,0.5801,5,0.08459999999999995
Louisiana,LaSalle Parish,0.5268,0.6043,0.13596966573467772,0.3698,0.6063,3,0.23649999999999993
Illinois,Bond County,0.526775,0.5187999999999999,0.16695085853827368,0.3599,0.7096,4,0.3497
Ohio,Logan County,0.526009090909091,0.5898,0.1847550078051767,0.1908,0.7413,11,0.5505
Missouri,New Madrid County,0.5258833333333334,0.57005,0.19825292347571233,0.2118,0.7281,6,0.5163
Utah,Juab County,0.5253,0.5253,0.09531799410394663,0.4579,0.5927,2,0.13480000000000003
Kansas,Neosho County,0.52478,0.5716,0.20334883083017713,0.3237,0.8031,5,0.47940000000000005
Tennessee,Loudon County,0.5245642857142857,0.53505,0.21398632812956445,0.0496,0.8882,14,0.8386
Oregon,Benton County,0.5244681818181818,0.5621499999999999,0.24604955634483305,0.0755,0.9618,22,0.8863
Iowa,Mitchell County,0.5241333333333333,0.5266,0.119419107907124,0.4035,0.6423,3,0.23879999999999996
Illinois,Clay County,0.5240750000000001,0.53305,0.248976523324322,0.2213,0.8089,4,0.5875999999999999
Ohio,Clinton County,0.5240400000000001,0.50285,0.16141195880245196,0.2275,0.7631,10,0.5356
Tennessee,Rutherford County,0.5238234375,0.4901,0.2403295427626491,0.0928,0.9296,64,0.8368
Florida,Seminole County,0.523291011235955,0.5541,0.2517254184263487,0.0278,0.9641,89,0.9362999999999999
Texas,Robertson County,0.5229833333333334,0.5003500000000001,0.24608476114271413,0.2382,0.8651,6,0.6269
Missouri,Barton County,0.5225666666666667,0.5308,0.22266419409804836,0.2959,0.741,3,0.4451
Colorado,Logan County,0.5224,0.4763,0.18016442490125512,0.2543,0.736,7,0.48169999999999996
Washington,Lincoln County,0.52225,0.5297,0.0710290785523788,0.4285,0.6011,4,0.17259999999999998
Missouri,Saline County,0.5221,0.54635,0.1706753225111519,0.2599,0.7677,8,0.5078
Kentucky,McCracken County,0.521921052631579,0.5011,0.21319465695552958,0.1701,0.8653,19,0.6951999999999999
Indiana,Newton County,0.5218499999999999,0.53745,0.1685530678055628,0.3015,0.711,4,0.4095
Oklahoma,Stephens County,0.5217272727272727,0.5452,0.17653911799320338,0.2319,0.8262,11,0.5943
Texas,Ward County,0.5206333333333334,0.558,0.08550978501512753,0.4228,0.5811,3,0.15829999999999994
Illinois,Lawrence County,0.52062,0.533,0.21108222805342947,0.1975,0.7887,5,0.5912
Oregon,Gilliam County,0.5205,0.5205,,0.5205,0.5205,1,0.0
Tennessee,Hawkins County,0.5202538461538462,0.5557,0.1698673532268861,0.2744,0.7362,13,0.4618
Wyoming,Albany County,0.5191272727272728,0.6191,0.26288951325950255,0.128,0.8501,11,0.7221
Ohio,Greene County,0.518697619047619,0.5345,0.2504994927097684,0.1151,0.9598,42,0.8447
Iowa,Hardin County,0.51835,0.55725,0.11515660206866128,0.2856,0.5864,6,0.3008
Montana,Yellowstone County,0.5179138888888889,0.5791999999999999,0.32975152823454185,0.0399,0.9962,36,0.9562999999999999
Kansas,Sherman County,0.5178,0.5178,0.055861435713737244,0.4783,0.5573,2,0.07900000000000001
Nebraska,Otoe County,0.5173,0.5704,0.20675265415466856,0.2852,0.7444,5,0.45919999999999994
Illinois,Ogle County,0.5172846153846155,0.5298,0.2058497301680437,0.2112,0.8386,13,0.6274
Iowa,Floyd County,0.51722,0.71,0.31184130900187035,0.1628,0.7858,5,0.623
Kentucky,Boone County,0.5170166666666667,0.5515,0.26805442715900113,0.0629,0.9246,30,0.8617
Kentucky,Warren County,0.5164555555555556,0.5831,0.22129389670288857,0.0194,0.8038,27,0.7844
Washington,Asotin County,0.5163333333333333,0.5640499999999999,0.28944343604004336,0.1456,0.7873,6,0.6416999999999999
Kansas,Harvey County,0.5162714285714286,0.5216,0.13276314391032018,0.2689,0.6862,7,0.41730000000000006
Kansas,Rush County,0.516,0.516,,0.516,0.516,1,0.0
Virginia,Bristol city,0.51582,0.5005,0.09989440424768548,0.3847,0.6479,5,0.26320000000000005
Washington,Lewis County,0.5152476190476191,0.4358,0.26843392784640246,0.1411,0.937,21,0.7959
Georgia,Bartow County,0.5149785714285714,0.5504,0.2440019753367869,0.1241,0.8685,28,0.7444000000000001
Kansas,Linn County,0.5149,0.5472,0.2873149317386759,0.2128,0.7847,3,0.5719
Minnesota,Freeborn County,0.51482,0.49815,0.17666255215334498,0.2944,0.8247,10,0.5303
Illinois,Cumberland County,0.5143666666666666,0.5055,0.17726639087354748,0.3417,0.6959,3,0.35419999999999996
Illinois,Randolph County,0.5142599999999999,0.582,0.2405957522484551,0.1208,0.8285,10,0.7077
Illinois,Jefferson County,0.5141090909090908,0.6139,0.2387992146324835,0.1959,0.8733,11,0.6774
Kansas,Crawford County,0.5136583333333333,0.53515,0.1928051888133028,0.1988,0.7931,12,0.5943
Louisiana,Natchitoches Parish,0.5131454545454545,0.5839,0.23212213321282552,0.0996,0.7424,11,0.6427999999999999
Ohio,Champaign County,0.51301,0.5124,0.24688305126111834,0.1526,0.8411,10,0.6884999999999999
Massachusetts,Hampden County,0.5126634615384615,0.56855,0.22858562460966936,0.0421,0.8542,104,0.8120999999999999
Kansas,Franklin County,0.5124,0.59625,0.22541537658287647,0.1003,0.7238,6,0.6234999999999999
Iowa,Webster County,0.5124,0.5038,0.13547309080896222,0.2678,0.7997,13,0.5319
Washington,Douglas County,0.5121222222222221,0.5062,0.11769022663095033,0.316,0.6771,9,0.36110000000000003
Illinois,Stark County,0.5117,0.5117,0.03210264786586929,0.489,0.5344,2,0.045399999999999996
Washington,Columbia County,0.5115,0.5115,,0.5115,0.5115,1,0.0
Ohio,Washington County,0.5114166666666667,0.54855,0.18976397801727593,0.0517,0.7495,18,0.6978000000000001
Kansas,Wichita County,0.5109,0.5109,,0.5109,0.5109,1,0.0
Texas,Jasper County,0.51059,0.42525,0.28661857910625554,0.0854,0.9289,10,0.8434999999999999
Illinois,Alexander County,0.5100750000000001,0.53565,0.2995678707182509,0.1365,0.8325,4,0.696
Virginia,Covington city,0.51005,0.51005,0.0030405591591021333,0.5079,0.5122,2,0.0042999999999999705
Louisiana,Bienville Parish,0.50988,0.4968,0.271276679793896,0.2433,0.8975,5,0.6542
New York,Rockland County,0.5089375,0.50195,0.20653311768946805,0.0386,0.8637,80,0.8251000000000001
Illinois,Perry County,0.5089,0.43920000000000003,0.20496349918948986,0.3194,0.7955,6,0.47609999999999997
Indiana,Jennings County,0.5087666666666667,0.6298,0.299473843042538,0.0698,0.8389,6,0.7691
Alabama,Walker County,0.5081100000000001,0.48705,0.23059663780814554,0.072,0.8143,20,0.7423000000000001
Indiana,Clay County,0.5080166666666667,0.50465,0.17863781701159098,0.3078,0.7672,6,0.4594
Oregon,Polk County,0.5078375,0.54715,0.2627308429426079,0.1722,0.9226,16,0.7504
Kansas,Greenwood County,0.5076,0.4911,0.10572014945127536,0.4111,0.6206,3,0.20950000000000002
West Virginia,Wetzel County,0.5069,0.592,0.20235471331303356,0.1786,0.6881,5,0.5095000000000001
North Dakota,Stutsman County,0.5067142857142858,0.5246,0.14592141068135991,0.3284,0.6881,7,0.3597
Georgia,Cobb County,0.5064413978494623,0.4925,0.24266230557551516,0.0997,0.969,186,0.8693
Virginia,Emporia city,0.50615,0.50615,0.1492702415084802,0.4006,0.6117,2,0.2111
Ohio,Jackson County,0.5057142857142857,0.5749,0.17848143160724433,0.1817,0.6595,7,0.4778
Ohio,Wyandot County,0.5049833333333333,0.50215,0.06929910292829673,0.4232,0.6113,6,0.18809999999999993
Maryland,Kent County,0.50478,0.5328,0.21299060307910303,0.187,0.7103,5,0.5233000000000001
Utah,Weber County,0.5042896551724138,0.483,0.28708731888231653,0.0408,0.9889,58,0.9480999999999999
Indiana,Floyd County,0.504175,0.5345,0.23015843256102386,0.0224,0.8664,20,0.844
Alabama,Tuscaloosa County,0.5039220338983051,0.4973,0.2124544219419509,0.1549,0.9523,59,0.7974
Missouri,Cape Girardeau County,0.5035315789473684,0.4557,0.19073260530162695,0.204,0.911,19,0.7070000000000001
Tennessee,Sullivan County,0.5034799999999999,0.5038,0.21244750808683943,0.0686,0.8969,40,0.8283
Iowa,Mahaska County,0.5033000000000001,0.5148,0.11075754300874202,0.3233,0.6559,7,0.33260000000000006
Nebraska,Phelps County,0.5032,0.4964,0.09258747215471427,0.4142,0.599,3,0.18479999999999996
Alabama,Colbert County,0.5031133333333333,0.459,0.16528501300423315,0.2287,0.7714,15,0.5427
Maryland,Harford County,0.5026966101694915,0.5261,0.2537339700838613,0.0522,0.9488,59,0.8966
Georgia,Rockdale County,0.5021541666666667,0.44705,0.22112644224548297,0.2111,0.9325,24,0.7214
North Dakota,Barnes County,0.501925,0.50235,0.10293575261621525,0.3898,0.6132,4,0.2234
Nebraska,Chase County,0.5019,0.5019,,0.5019,0.5019,1,0.0
Kentucky,Fulton County,0.5015499999999999,0.5015499999999999,0.14318912319027594,0.4003,0.6028,2,0.2025
North Dakota,Oliver County,0.5015,0.5015,,0.5015,0.5015,1,0.0
Washington,Klickitat County,0.5014333333333333,0.5138,0.23727031560367318,0.2064,0.8029,6,0.5964999999999999
North Dakota,Morton County,0.5009571428571429,0.5419,0.14624299250611242,0.265,0.6937,7,0.42869999999999997
Texas,Gonzales County,0.5007166666666667,0.4337,0.19210352851175505,0.3098,0.7436,6,0.4338
Missouri,Franklin County,0.5005571428571428,0.53335,0.2822181470771902,0.0333,0.9079,28,0.8746
Illinois,Franklin County,0.5005083333333333,0.4939,0.132240761549348,0.3293,0.767,12,0.43770000000000003
Kansas,Douglas County,0.5001037037037037,0.5095,0.23726546554355765,0.0782,0.8545,27,0.7763
Mississippi,Lowndes County,0.5,0.5944499999999999,0.25128093254129635,0.0582,0.7647,18,0.7065
Kansas,Ford County,0.4996111111111111,0.4272,0.20390986638981232,0.2546,0.829,9,0.5744
Pennsylvania,Mifflin County,0.49943846153846155,0.5133,0.205959690791109,0.1443,0.8318,13,0.6875
Indiana,Monroe County,0.49943030303030306,0.5027,0.23855418604172574,0.0944,0.9698,33,0.8754
Wisconsin,Columbia County,0.4990076923076923,0.4351,0.18627178378889658,0.2506,0.7868,13,0.5362
Utah,Cache County,0.4988464285714286,0.49374999999999997,0.2274524931792113,0.0742,0.8622,28,0.7879999999999999
Illinois,Marshall County,0.49866,0.4505,0.12691510154430002,0.3941,0.713,5,0.31889999999999996
Illinois,De Witt County,0.49866,0.6172,0.19306807866656778,0.1887,0.6296,5,0.44090000000000007
Pennsylvania,Lackawanna County,0.49843333333333334,0.493,0.1830381285338526,0.0587,0.9233,60,0.8646
Colorado,Moffat County,0.49812500000000004,0.5007,0.21367199746340182,0.2403,0.7508,4,0.5105
Georgia,Ware County,0.49802,0.44515,0.19896167581834562,0.1858,0.8228,10,0.637
Illinois,DeKalb County,0.49770434782608697,0.497,0.19895402273403603,0.1137,0.8879,23,0.7742
Texas,Panola County,0.49758571428571424,0.466,0.26610527007540596,0.1084,0.8024,7,0.694
New York,Onondaga County,0.49755774647887324,0.54935,0.230279435963157,0.0215,0.9274,142,0.9059
Nebraska,Cass County,0.4973166666666667,0.5046,0.12446706257748139,0.3616,0.653,6,0.29140000000000005
Minnesota,Swift County,0.4973,0.4534,0.1349130584240582,0.3954,0.687,4,0.2916000000000001
Indiana,Putnam County,0.4972888888888889,0.5424,0.18163211750984767,0.1416,0.7618,9,0.6202000000000001
South Dakota,Clay County,0.4967333333333333,0.4433,0.1321188984715409,0.3997,0.6472,3,0.2475
Tennessee,Knox County,0.4963793388429752,0.4729,0.23659298697600045,0.099,0.9404,121,0.8414
Louisiana,Ascension Parish,0.4963137931034483,0.4913,0.2734338568807271,0.0948,0.9542,29,0.8594
Illinois,Clark County,0.495925,0.5458000000000001,0.185960342994593,0.2301,0.662,4,0.43190000000000006
Louisiana,St. James Parish,0.4958857142857143,0.5317,0.2409442565447551,0.0847,0.7595,7,0.6748
Montana,Teton County,0.4957666666666667,0.4852,0.09051377427404808,0.411,0.5911,3,0.18009999999999998
Idaho,Jerome County,0.4954,0.43655,0.14535566036450043,0.3664,0.6876,6,0.3212
Iowa,Johnson County,0.49500555555555553,0.49495,0.2701069745166527,0.0355,0.9181,36,0.8826
Wyoming,Goshen County,0.495,0.5946499999999999,0.21881512744780693,0.1675,0.6232,4,0.4557
West Virginia,Taylor County,0.494375,0.4908,0.21263807083085254,0.293,0.7029,4,0.4099
South Carolina,Spartanburg County,0.4939091954022989,0.5127,0.27559802697515984,0.0084,0.9553,87,0.9469000000000001
Pennsylvania,Armstrong County,0.4933473684210526,0.5266,0.19472561997853127,0.1228,0.8459,19,0.7231
Maryland,Dorchester County,0.4929888888888889,0.5925,0.24288143426600375,0.0604,0.7991,9,0.7387
Illinois,Vermilion County,0.49290416666666664,0.53665,0.18536895635969916,0.1085,0.7793,24,0.6708
Texas,Johnson County,0.49271025641025634,0.5064,0.19318587421781372,0.1384,0.8503,39,0.7119
Mississippi,Hinds County,0.49268507462686567,0.5144,0.2932096546705783,0.04,0.9771,67,0.9370999999999999
Indiana,Miami County,0.49243,0.45794999999999997,0.16441252351596847,0.2642,0.7391,10,0.4749
Virginia,York County,0.49237333333333333,0.457,0.19765421634282238,0.074,0.8178,15,0.7438
Maryland,Howard County,0.4922220338983051,0.4612,0.23782633483409593,0.0513,0.9095,59,0.8582
Iowa,Ida County,0.4917666666666667,0.466,0.05930803767899706,0.4497,0.5596,3,0.1099
Georgia,Barrow County,0.4915833333333333,0.51905,0.22504663895708896,0.0704,0.8312,18,0.7608
West Virginia,Mason County,0.4913142857142857,0.5678,0.2427655070815692,0.1586,0.7549,7,0.5963
Iowa,Henry County,0.49128,0.508,0.12856643029967038,0.3582,0.6792,5,0.321
Nebraska,Richardson County,0.4912,0.4176,0.18258677389121045,0.3569,0.6991,3,0.34220000000000006
Kansas,Kearny County,0.491,0.491,,0.491,0.491,1,0.0
Indiana,White County,0.49053333333333327,0.5541,0.2073919839338059,0.1418,0.7122,9,0.5704
Oklahoma,Tulsa County,0.49052307692307695,0.45815,0.30940848966139367,0.0197,0.9904,208,0.9706999999999999
Illinois,Whiteside County,0.4905,0.5025,0.156595966316718,0.2151,0.7462,19,0.5310999999999999
Illinois,Williamson County,0.4903888888888889,0.5004,0.19155880340876713,0.1279,0.8423,18,0.7144
Alabama,Etowah County,0.48982424242424244,0.5206,0.21511501143327816,0.095,0.8619,33,0.7669
Texas,Bowie County,0.48973846153846157,0.41365,0.26869967931044964,0.1072,0.9355,26,0.8283
Missouri,Carroll County,0.4894,0.4501,0.07147370145724927,0.4462,0.5719,3,0.12569999999999998
Arkansas,Scott County,0.48936666666666667,0.655,0.316608375336682,0.1243,0.6888,3,0.5645
Minnesota,Winona County,0.48927692307692305,0.4736,0.23232884436306425,0.1675,0.844,13,0.6765
Washington,Snohomish County,0.48922774566473987,0.5219,0.2454501461105745,0.0363,0.9617,173,0.9254
Oklahoma,Grady County,0.4890933333333333,0.4607,0.23315742525680144,0.154,0.9019,15,0.7479
Minnesota,Dakota County,0.48897452830188676,0.46855,0.2914383466814929,0.0334,0.9858,106,0.9524
Iowa,Poweshiek County,0.48852,0.5233,0.14174059757176136,0.2974,0.6682,5,0.3708
Kansas,Dickinson County,0.4885,0.48585,0.18472278689972166,0.2783,0.7505,6,0.47219999999999995
Indiana,Fountain County,0.48806000000000005,0.5947,0.1960325559696654,0.1744,0.6316,5,0.45720000000000005
Florida,Duval County,0.48788899082568804,0.46005,0.2795393459983565,0.037,0.9636,218,0.9266
Kansas,Grant County,0.48719999999999997,0.48719999999999997,0.015132085117392158,0.4765,0.4979,2,0.02140000000000003
Minnesota,Meeker County,0.4870666666666667,0.451,0.16788741068545515,0.2969,0.7445,6,0.44760000000000005
Illinois,Washington County,0.4867,0.4658,0.1319312699855497,0.3497,0.6655,4,0.31579999999999997
Illinois,Putnam County,0.48664999999999997,0.48664999999999997,0.01930401512639274,0.473,0.5003,2,0.02729999999999999
Kansas,Nemaha County,0.48656666666666665,0.6076,0.25453409070954197,0.1941,0.658,3,0.46390000000000003
Kansas,Coffey County,0.48643333333333333,0.6043,0.23376377677761226,0.2172,0.6378,3,0.42060000000000003
Mississippi,Clay County,0.48600000000000004,0.4686,0.2849697440080262,0.035,0.7395,5,0.7045
Indiana,Starke County,0.4859714285714286,0.5983,0.22611294164853188,0.1425,0.7208,7,0.5783
West Virginia,Marshall County,0.48527,0.4338,0.22534890010332373,0.2103,0.9661,10,0.7558
Iowa,Black Hawk County,0.4850333333333333,0.4803,0.21945555758373034,0.0632,0.8549,39,0.7917
Arkansas,Johnson County,0.48475,0.5042,0.20324608483314013,0.2383,0.771,6,0.5327
South Dakota,Yankton County,0.48402,0.5404,0.1522546124096081,0.2611,0.6404,5,0.37929999999999997
Nebraska,Dawson County,0.48384285714285713,0.4541,0.16692484194134452,0.2116,0.7243,7,0.5127
Louisiana,Jefferson Davis Parish,0.4836625,0.46565,0.21346709975678088,0.1762,0.8486,8,0.6724
New York,Broome County,0.4834315789473684,0.5266,0.24370242404408374,0.0835,0.9562,57,0.8727
Texas,Denton County,0.4830984455958549,0.4723,0.21001752493261425,0.1075,0.9359,193,0.8283999999999999
Nebraska,Seward County,0.48305,0.44055,0.19310916601756634,0.298,0.7531,4,0.4551
Illinois,Henry County,0.4829785714285714,0.48415,0.12788514184804467,0.26,0.6887,14,0.42869999999999997
Wisconsin,Monroe County,0.4829444444444444,0.5723,0.29688582027065186,0.0403,0.8636,9,0.8233
North Dakota,Sargent County,0.4827,0.4827,0.052750165876516444,0.4454,0.52,2,0.0746
Arkansas,Lafayette County,0.48269999999999996,0.4814,0.08055786739977663,0.4028,0.5639,3,0.16109999999999997
Kansas,Sedgwick County,0.4823022222222222,0.4721,0.25426814775975015,0.0019,0.96,135,0.9581
New Jersey,Monmouth County,0.48189805194805196,0.45175,0.17994502954044322,0.044,0.8554,154,0.8114
Texas,Hutchinson County,0.4815125,0.56675,0.22320231333606608,0.1123,0.6987,8,0.5864
North Carolina,Gaston County,0.4813435294117647,0.4939,0.27965353370906365,0.0213,0.9435,85,0.9222
Connecticut,Lower Connecticut River Valley Planning Region,0.4812568181818182,0.4823,0.16525741217268497,0.1127,0.7899,44,0.6772
Texas,San Augustine County,0.48103333333333337,0.5334,0.18286285389147064,0.2777,0.632,3,0.3543
Idaho,Bonneville County,0.48098749999999996,0.38439999999999996,0.31615776924559014,0.096,0.9663,24,0.8703000000000001
Pennsylvania,Butler County,0.4808936170212766,0.5155,0.2303665900861865,0.0021,0.9045,47,0.9024
Ohio,Belmont County,0.4802136363636364,0.49339999999999995,0.2690624645044248,0.0246,0.9031,22,0.8785000000000001
Nebraska,Merrick County,0.4801333333333333,0.4606,0.07581143273499935,0.416,0.5638,3,0.1478
California,Alpine County,0.4801,0.4801,,0.4801,0.4801,1,0.0
Illinois,Crawford County,0.47996666666666665,0.46595,0.24135979505018365,0.2221,0.814,6,0.5919
Michigan,Livingston County,0.47994166666666666,0.49925,0.2533798403360073,0.034,0.935,60,0.901
Iowa,Tama County,0.47964999999999997,0.47329999999999994,0.15237251392557644,0.2797,0.71,6,0.43029999999999996
Georgia,Coweta County,0.47917037037037036,0.4742,0.2158163193637212,0.0698,0.9122,27,0.8424
Pennsylvania,Cambria County,0.4790238095238095,0.46875,0.20705490824666775,0.0846,0.9171,42,0.8325
Colorado,Arapahoe County,0.4786931677018633,0.436,0.24419288613824924,0.0784,0.9723,161,0.8939
Oregon,Sherman County,0.4786,0.4786,,0.4786,0.4786,1,0.0
Oklahoma,Bryan County,0.4781076923076923,0.4453,0.2132173478774592,0.0823,0.8036,13,0.7212999999999999
Illinois,Wayne County,0.47806,0.5094,0.14280713567605785,0.2799,0.6496,5,0.3697
Louisiana,Iberia Parish,0.4777545454545455,0.5176499999999999,0.16794850607445336,0.079,0.7375,22,0.6585000000000001
Kansas,Scott County,0.4771,0.4771,,0.4771,0.4771,1,0.0
Montana,Richland County,0.47702,0.433,0.08763624820814729,0.3949,0.581,5,0.1861
Indiana,Kosciusko County,0.47623809523809524,0.461,0.23731240270198792,0.089,0.8788,21,0.7898000000000001
Indiana,Montgomery County,0.47615555555555555,0.4552,0.1426475123434607,0.2783,0.7228,9,0.4445
Ohio,Richland County,0.47598,0.5235000000000001,0.20323382897878814,0.0653,0.803,30,0.7377
Georgia,Newton County,0.4758136363636364,0.43810000000000004,0.25449572790025476,0.1538,0.9601,22,0.8063
Idaho,Payette County,0.4753,0.3943,0.14446136161617748,0.3442,0.6724,5,0.3282
Michigan,Shiawassee County,0.47515555555555555,0.44555,0.21779034500887537,0.1872,0.8543,18,0.6670999999999999
Georgia,Baldwin County,0.47502857142857147,0.454,0.15233041733007904,0.263,0.6977,14,0.4347
Missouri,Jefferson County,0.4742,0.4648,0.20974408911019796,0.0434,0.9388,49,0.8954
Nevada,Clark County,0.4739719626168224,0.447,0.2587982619212922,0.0021,0.9947,535,0.9926
Idaho,Nez Perce County,0.47324,0.41525,0.26216328753914675,0.1773,0.8366,10,0.6593
Idaho,Boundary County,0.473,0.473,0.014142135623730904,0.463,0.483,2,0.019999999999999962
Texas,Titus County,0.4725333333333333,0.5407,0.21085592237354872,0.1077,0.7244,9,0.6167
Mississippi,Washington County,0.4724894736842105,0.5176,0.2248033014158942,0.1233,0.8551,19,0.7318
Oklahoma,Major County,0.4721666666666667,0.3982,0.15783334037310792,0.3649,0.6534,3,0.2885
Oregon,Lake County,0.47215,0.47215,0.3355221676730168,0.2349,0.7094,2,0.47450000000000003
Oklahoma,Washita County,0.471625,0.47515,0.01493683924619487,0.4522,0.484,4,0.031799999999999995
Kansas,Cloud County,0.47145,0.5361499999999999,0.14873552590644462,0.2493,0.5642,4,0.31490000000000007
Indiana,Hamilton County,0.47125263157894737,0.4575,0.20961776702340787,0.103,0.9081,57,0.8051
Ohio,Preble County,0.47105833333333336,0.53105,0.17990979284242994,0.1422,0.6701,12,0.5279
Kansas,Meade County,0.47055,0.47055,0.021001071401240485,0.4557,0.4854,2,0.029700000000000004
Arkansas,Hot Spring County,0.4704,0.5776,0.28002650320996403,0.0097,0.7369,9,0.7272
Texas,Jackson County,0.4703333333333333,0.4896,0.0376044323628656,0.427,0.4944,3,0.06740000000000002
Ohio,Ashland County,0.47032500000000005,0.47325,0.16855092634787647,0.1677,0.8305,12,0.6628000000000001
Wisconsin,Fond du Lac County,0.4702173913043478,0.532,0.2599341414004952,0.0592,0.9209,23,0.8617
Oklahoma,Ottawa County,0.46938888888888886,0.5358,0.20003171901253838,0.245,0.7566,9,0.5116
Ohio,Scioto County,0.46937619047619045,0.4302,0.25495516449909755,0.0901,0.8559,21,0.7658
Arkansas,Woodruff County,0.46935000000000004,0.46935000000000004,0.17981725445573907,0.3422,0.5965,2,0.2543
Indiana,Boone County,0.4692090909090909,0.5849,0.2392092032282431,0.1263,0.8336,11,0.7073
Tennessee,Lake County,0.46904999999999997,0.46904999999999997,0.06257895013500941,0.4248,0.5133,2,0.08849999999999997
Mississippi,Grenada County,0.46894285714285716,0.582,0.24791813741060345,0.1367,0.7574,7,0.6207
Colorado,Kiowa County,0.4689,0.4689,,0.4689,0.4689,1,0.0
Tennessee,Bradley County,0.468788,0.5262,0.24777333949936317,0.0868,0.7903,25,0.7035
Minnesota,Lyon County,0.46844285714285716,0.3757,0.15683888609167113,0.3111,0.7123,7,0.40120000000000006
Minnesota,Cottonwood County,0.4682,0.4569,0.24854362460810242,0.2341,0.7249,4,0.4908
Oklahoma,Love County,0.4674333333333333,0.485,0.18816599940832388,0.2711,0.6462,3,0.3751
Tennessee,Dyer County,0.46725000000000005,0.4081,0.17524894832463012,0.1964,0.7734,10,0.577
Oklahoma,Blaine County,0.46668000000000004,0.5363,0.1299062046247214,0.3013,0.5802,5,0.27890000000000004
Arkansas,Clark County,0.4666333333333333,0.444,0.20250193743929135,0.1389,0.7308,6,0.5919
New York,Schenectady County,0.4665266666666667,0.5015,0.17952977013196547,0.0636,0.7806,45,0.717
Wyoming,Campbell County,0.46602,0.5681499999999999,0.2602987932699224,0.0448,0.7269,10,0.6821
Iowa,Washington County,0.46586666666666665,0.4824,0.21679998769987663,0.2321,0.7208,6,0.4887
Michigan,Mason County,0.46581249999999996,0.47829999999999995,0.25819355661706866,0.1193,0.8183,8,0.6990000000000001
Pennsylvania,Snyder County,0.46509999999999996,0.44455,0.17488466403400188,0.2145,0.7031,8,0.4885999999999999
Oregon,Columbia County,0.4649181818181818,0.4774,0.16951754374212608,0.1927,0.7209,11,0.5282
Ohio,Ottawa County,0.4646533333333333,0.5021,0.2464064408558309,0.083,0.8659,15,0.7829
Illinois,Ford County,0.46396,0.4879,0.11322057233559633,0.2763,0.583,5,0.3067
Montana,Mineral County,0.4639,0.4639,0.21481904012447312,0.312,0.6158,2,0.3038
Tennessee,Wilson County,0.4638,0.50245,0.2602395434979089,0.0601,0.9575,28,0.8974
Minnesota,Martin County,0.4635142857142857,0.4328,0.17643601700117265,0.2204,0.7847,7,0.5642999999999999
Oklahoma,Kingfisher County,0.46347499999999997,0.45485,0.05304937165823297,0.4086,0.5356,4,0.12699999999999995
Wyoming,Converse County,0.46295000000000003,0.46845000000000003,0.2049085080387505,0.2288,0.6861,4,0.45730000000000004
Oklahoma,Canadian County,0.46277567567567574,0.4468,0.2547643392599493,0.0822,0.9317,37,0.8494999999999999
Illinois,Pike County,0.46262,0.4356,0.09631041999700758,0.3699,0.5727,5,0.20279999999999998
Iowa,Greene County,0.4625,0.46565,0.09662356510361918,0.3438,0.5749,4,0.23109999999999997
Missouri,Pettis County,0.4621181818181819,0.5122,0.14573868956582406,0.1565,0.6033,11,0.4468
Colorado,Baca County,0.4618,0.4618,0.18398918446473966,0.3317,0.5919,2,0.2602
Kansas,Hamilton County,0.4618,0.4618,,0.4618,0.4618,1,0.0
Illinois,Effingham County,0.4615875,0.4741,0.1586602789205378,0.2871,0.7762,8,0.4891
Wisconsin,Green County,0.4615375,0.53855,0.2384550148500611,0.0654,0.7128,8,0.6474
Kansas,Seward County,0.46148,0.4569,0.08679479823123043,0.3236,0.5362,5,0.2126
Minnesota,Waseca County,0.46146000000000004,0.3553,0.1632020159189218,0.34,0.7076,5,0.3676
Idaho,Twin Falls County,0.4614470588235294,0.4779,0.19840914519512157,0.1419,0.7632,17,0.6213
North Dakota,Wells County,0.46125000000000005,0.46125000000000005,0.05847773080412754,0.4199,0.5026,2,0.08270000000000005
Michigan,Menominee County,0.46108571428571427,0.4403,0.3147494899576033,0.1167,0.8674,7,0.7506999999999999
Indiana,Morgan County,0.46103529411764704,0.4634,0.2207435897743592,0.1989,0.8532,17,0.6543
Iowa,Franklin County,0.4607333333333334,0.532,0.2241638983720022,0.2096,0.6406,3,0.43099999999999994
Washington,Grant County,0.46038695652173917,0.4281,0.2557619406336287,0.0913,0.9689,23,0.8775999999999999
Minnesota,Nicollet County,0.46014285714285713,0.3368,0.2418948453160509,0.1992,0.8005,7,0.6013
Montana,Liberty County,0.4601,0.4601,,0.4601,0.4601,1,0.0
Kentucky,Livingston County,0.4599666666666667,0.5746,0.314433336867027,0.1043,0.701,3,0.5967
Kansas,Wallace County,0.4596,0.4596,,0.4596,0.4596,1,0.0
Colorado,Huerfano County,0.4595666666666667,0.4091,0.14313578634755644,0.3485,0.6211,3,0.2726
Michigan,Iosco County,0.45953636363636363,0.5283,0.31442246825800246,0.0141,0.9044,11,0.8903
Nebraska,Douglas County,0.45924049079754603,0.4331,0.276893577104513,0.0098,0.9368,163,0.9269999999999999
Ohio,Vinton County,0.45903333333333335,0.5833,0.22377688292880774,0.2007,0.5931,3,0.39239999999999997
Pennsylvania,Mercer County,0.45902571428571426,0.4408,0.27317627722218996,0.0325,0.8614,35,0.8289000000000001
Wyoming,Washakie County,0.45890000000000003,0.4863,0.055164390688196695,0.3954,0.495,3,0.09960000000000002
North Dakota,Adams County,0.4588,0.4588,,0.4588,0.4588,1,0.0
California,Santa Cruz County,0.45872028985507246,0.4188,0.2442506274178889,0.0968,0.9404,69,0.8436
Colorado,Rio Blanco County,0.45840000000000003,0.45840000000000003,0.12996622638208746,0.3665,0.5503,2,0.18380000000000002
Minnesota,Blue Earth County,0.45813125,0.48639999999999994,0.2292916475255913,0.0313,0.7489,16,0.7176
Texas,Howard County,0.45771999999999996,0.5198,0.20772061257585603,0.0485,0.6838,10,0.6353
Missouri,Pemiscot County,0.4576166666666666,0.4656,0.1405489155656018,0.2834,0.6927,6,0.4093
Kansas,Osage County,0.45748,0.4263,0.09758920022215571,0.3329,0.5689,5,0.236
Colorado,Sedgwick County,0.4573,0.4573,,0.4573,0.4573,1,0.0
Oklahoma,Le Flore County,0.457025,0.41705000000000003,0.1091464414528398,0.2773,0.6249,12,0.3476
Texas,Culberson County,0.4569,0.4569,,0.4569,0.4569,1,0.0
Iowa,Dubuque County,0.45682222222222224,0.4162,0.23486806662028095,0.0435,0.9054,27,0.8619
Wisconsin,Washington County,0.4562633333333333,0.4063,0.21925870168448913,0.0627,0.9446,30,0.8819
Minnesota,Polk County,0.45620000000000005,0.4522,0.11046102379472035,0.271,0.6259,10,0.3549
Illinois,Morgan County,0.45613000000000004,0.40654999999999997,0.12968257871519295,0.2753,0.6433,10,0.368
Minnesota,Pope County,0.4561,0.4775,0.06071973869069816,0.3668,0.5026,4,0.13580000000000003
Texas,Carson County,0.45599999999999996,0.45599999999999996,0.38905015100883844,0.1809,0.7311,2,0.5502
Tennessee,Marshall County,0.4559,0.4968,0.251617153628285,0.1088,0.8248,6,0.716
Michigan,Allegan County,0.4556233333333333,0.3779,0.27015713522437956,0.0982,0.9486,30,0.8504
Louisiana,Sabine Parish,0.4555,0.4923,0.21525257838176992,0.0517,0.753,9,0.7013
Kansas,Morris County,0.4555,0.4555,0.47376154339498683,0.1205,0.7905,2,0.6699999999999999
South Carolina,Charleston County,0.45534285714285716,0.40535,0.31296942540304706,0.0092,0.9758,98,0.9666
Texas,Hardin County,0.4551307692307693,0.4636,0.12550057360171296,0.1644,0.6251,13,0.4607
Oklahoma,Cotton County,0.45485,0.45485,0.05239661248592319,0.4178,0.4919,2,0.0741
North Dakota,Richland County,0.45456666666666673,0.47495,0.10072256284798688,0.2876,0.5473,6,0.2597
Oklahoma,Craig County,0.45438,0.5715,0.22116348477992473,0.1794,0.6706,5,0.49119999999999997
Kentucky,Greenup County,0.45415555555555565,0.4586,0.32394917854160055,0.0286,0.8388,9,0.8102
Georgia,Tift County,0.45405,0.33175,0.3288928770062595,0.108,0.9365,12,0.8285
Iowa,Page County,0.45376666666666665,0.45885,0.0723682711322211,0.3661,0.5494,6,0.18330000000000002
Georgia,Cook County,0.45352,0.5334,0.14557938384263067,0.2795,0.5817,5,0.30219999999999997
Washington,Okanogan County,0.45343846153846157,0.5519,0.2199679694048717,0.1041,0.74,13,0.6359
Iowa,O'Brien County,0.453225,0.404,0.20706840053470257,0.2623,0.7426,4,0.48030000000000006
Indiana,Posey County,0.45311428571428575,0.5374,0.2876093150355845,0.0645,0.788,7,0.7235
Georgia,Bacon County,0.4530666666666667,0.551,0.2155839588961417,0.2059,0.6023,3,0.3964
Iowa,Adair County,0.4527666666666666,0.5298,0.16011059719248233,0.2687,0.5598,3,0.29109999999999997
Iowa,Lucas County,0.45255,0.43284999999999996,0.16644071016431045,0.3021,0.6424,4,0.3403
Ohio,Monroe County,0.45187499999999997,0.4294,0.288562129358653,0.1226,0.8261,4,0.7034999999999999
Kansas,Cheyenne County,0.4518,0.4518,,0.4518,0.4518,1,0.0
Utah,Morgan County,0.45166666666666666,0.4472,0.02440846847578382,0.4298,0.478,3,0.048199999999999965
New Jersey,Salem County,0.45155416666666665,0.4677,0.2170017951822492,0.148,0.966,24,0.818
Minnesota,Watonwan County,0.4513666666666667,0.4433,0.09076923120382445,0.3649,0.5459,3,0.18100000000000005
Indiana,Allen County,0.4512416666666667,0.47909999999999997,0.24670099936505996,0.0527,0.95,96,0.8973
Colorado,Lincoln County,0.4511,0.4511,0.154432121011142,0.3419,0.5603,2,0.21840000000000004
Minnesota,Chippewa County,0.45104,0.4435,0.13324908254843634,0.2704,0.5919,5,0.3215
Kentucky,Logan County,0.4509666666666667,0.44385,0.14110183084094505,0.2851,0.6659,6,0.3808
Nebraska,Saline County,0.45084,0.5561,0.19983462662912052,0.1726,0.6149,5,0.4423
Georgia,Columbia County,0.450724,0.4308,0.1911469859383959,0.1203,0.8248,25,0.7045
Iowa,Adams County,0.45045,0.45045,0.1587454723763799,0.3382,0.5627,2,0.22449999999999998
Illinois,Edgar County,0.45039999999999997,0.477,0.13799994565216323,0.2338,0.5764,5,0.3426
Texas,Angelina County,0.4503142857142857,0.457,0.242824408340089,0.1106,0.8105,21,0.6999
Indiana,Owen County,0.4502333333333333,0.44565,0.2823382345107844,0.0995,0.7943,6,0.6948
Minnesota,McLeod County,0.4502222222222222,0.4546,0.12238717026079345,0.1983,0.5699,9,0.37159999999999993
Texas,Hale County,0.45017777777777784,0.4451,0.15996230632384756,0.1258,0.6816,9,0.5558
Louisiana,Tangipahoa Parish,0.44993225806451614,0.5073,0.22558503110371597,0.044,0.848,31,0.8039999999999999
Missouri,Marion County,0.4498875,0.4838,0.16350203526474613,0.0774,0.6436,8,0.5661999999999999
Indiana,Spencer County,0.4497333333333334,0.48260000000000003,0.1722545867797623,0.1506,0.6338,6,0.4832
Texas,Cass County,0.44921111111111117,0.4599,0.10530491969092003,0.317,0.6699,9,0.35290000000000005
Tennessee,Sumner County,0.4492,0.4136,0.22624889055239691,0.1107,0.9345,43,0.8238
Wyoming,Uinta County,0.44916666666666666,0.4767,0.2500030933141962,0.0489,0.7549,6,0.706
Minnesota,Anoka County,0.44906444444444443,0.44884999999999997,0.3193864058623784,0.0201,0.9925,90,0.9724
South Dakota,Union County,0.44905,0.4262,0.14328883417768462,0.3046,0.6392,4,0.3346
Arkansas,Yell County,0.44903333333333334,0.4499,0.12106975950528136,0.3084,0.6207,6,0.3123
North Dakota,Ward County,0.44886875000000004,0.4527,0.1854512001174433,0.1317,0.7668,16,0.6351
Texas,Rusk County,0.44860714285714287,0.47925,0.21837082949841122,0.1259,0.7118,14,0.5859
Texas,Sherman County,0.4486,0.4486,,0.4486,0.4486,1,0.0
Missouri,Washington County,0.44838333333333336,0.43265,0.19990896344753198,0.2182,0.7078,6,0.4896
Minnesota,Mower County,0.44824545454545456,0.4746,0.2241347111164907,0.1488,0.7136,11,0.5648
Kentucky,Bourbon County,0.44782500000000003,0.49129999999999996,0.20361297846650148,0.0408,0.6931,8,0.6523000000000001
Georgia,Hall County,0.447708,0.46540000000000004,0.28264309999628545,0.0161,0.9725,50,0.9564
Wisconsin,Douglas County,0.4476642857142857,0.6347,0.3154972134636005,0.0102,0.794,14,0.7838
Tennessee,Williamson County,0.44755434782608694,0.37255,0.23137437263882463,0.0776,0.9022,46,0.8246
Montana,Silver Bow County,0.44745555555555555,0.549,0.19111669282869506,0.1964,0.6539,9,0.4575
Texas,Wise County,0.4472875,0.45994999999999997,0.20785389058984038,0.1438,0.8333,16,0.6895
South Carolina,Greenville County,0.44725040650406506,0.4588,0.2622357437635275,0.0109,0.9721,123,0.9611999999999999
Kentucky,Fayette County,0.4472341463414634,0.487,0.26059254379463936,0.0202,0.8586,82,0.8384
West Virginia,Putnam County,0.44721666666666665,0.3287,0.2547932168118558,0.2101,0.8454,12,0.6353
Georgia,McDuffie County,0.44611666666666666,0.4531,0.11074824453085777,0.2838,0.5997,6,0.3159
West Virginia,Marion County,0.44529523809523813,0.4273,0.17635358367833207,0.1299,0.7456,21,0.6157
Illinois,Tazewell County,0.44529,0.3952,0.20673792230077523,0.1322,0.7926,30,0.6604
Georgia,Warren County,0.44475,0.44475,0.13541094859722386,0.349,0.5405,2,0.1915
Kansas,Saline County,0.4443384615384615,0.5021,0.22622819061905,0.0285,0.7451,13,0.7166
Oklahoma,Muskogee County,0.44421499999999997,0.42025,0.22125802102617895,0.0096,0.88,20,0.8704
Indiana,Jasper County,0.44408749999999997,0.3772,0.2109438952998776,0.2014,0.7333,8,0.5318999999999999
North Carolina,Rowan County,0.443858064516129,0.4323,0.240528570408581,0.0629,0.9124,31,0.8495
Maryland,Allegany County,0.4431863636363636,0.36685,0.2512199497224059,0.1276,0.9409,22,0.8132999999999999
Illinois,Douglas County,0.44314,0.4492,0.15253510415638757,0.2285,0.6592,5,0.43069999999999997
Kentucky,Simpson County,0.44304000000000004,0.3789,0.1627947265730681,0.3132,0.7174,5,0.40420000000000006
Missouri,Newton County,0.4427692307692308,0.3933,0.1837441127610868,0.1751,0.8314,13,0.6563
California,San Benito County,0.44259166666666666,0.4092,0.19781299000609517,0.1226,0.8107,12,0.6880999999999999
Oklahoma,Caddo County,0.44254999999999994,0.42455,0.1826036341977405,0.2083,0.6711,10,0.4628
Iowa,Monroe County,0.44216666666666665,0.452,0.1200524191065442,0.3175,0.557,3,0.23950000000000005
West Virginia,Mingo County,0.4413285714285714,0.3923,0.17638540863958216,0.2592,0.6385,7,0.37929999999999997
Pennsylvania,Clearfield County,0.440925,0.4354,0.1664328816038086,0.1921,0.723,20,0.5308999999999999
South Dakota,Lake County,0.4406,0.431,0.1967644446201261,0.2355,0.6649,4,0.42940000000000006
Indiana,Perry County,0.44042000000000003,0.3907,0.3007045177578814,0.0172,0.7369,5,0.7197
Kentucky,McLean County,0.44003333333333333,0.5464,0.28949646514825245,0.1124,0.6613,3,0.5488999999999999
Texas,Terry County,0.4397,0.4431,0.03163731973476895,0.4065,0.4695,3,0.063
Louisiana,Terrebonne Parish,0.43962352941176475,0.4143,0.2023311717604424,0.0354,0.9389,34,0.9035
North Dakota,Sheridan County,0.4395,0.4395,,0.4395,0.4395,1,0.0
Montana,Chouteau County,0.43945,0.43945,0.0512652416360247,0.4032,0.4757,2,0.07250000000000001
Iowa,Calhoun County,0.4394,0.5011,0.13331674063422547,0.2397,0.5157,4,0.276
Iowa,Linn County,0.439237037037037,0.41585,0.2798249630092545,0.0282,0.947,54,0.9188
Minnesota,Steele County,0.439175,0.44405,0.14902421423571216,0.213,0.645,8,0.43200000000000005
Louisiana,Claiborne Parish,0.439,0.44155,0.19966473900015494,0.2192,0.6833,6,0.4641
Nebraska,Johnson County,0.439,0.439,0.1535835928737181,0.3304,0.5476,2,0.21719999999999995
Iowa,Van Buren County,0.43889999999999996,0.43889999999999996,0.14962379489907343,0.3331,0.5447,2,0.21159999999999995
Ohio,Madison County,0.4387833333333333,0.3941,0.17660532697274883,0.1012,0.7237,12,0.6225
Minnesota,Wilkin County,0.43855,0.43855,0.05522503961066938,0.3995,0.4776,2,0.0781
Montana,Lewis and Clark County,0.4384764705882353,0.2994,0.31672735816750136,0.0595,0.8986,17,0.8391
Kentucky,Bell County,0.4381777777777778,0.3659,0.2166931400493436,0.2102,0.8036,9,0.5933999999999999
Tennessee,Greene County,0.4380411764705882,0.516,0.2812892907195889,0.0211,0.8828,17,0.8617
Kansas,Finney County,0.438,0.46335000000000004,0.13973672647973662,0.1325,0.6083,12,0.47579999999999995
Indiana,Harrison County,0.43779999999999997,0.4035,0.21006612054303286,0.1817,0.8529,9,0.6712
Idaho,Madison County,0.4377636363636364,0.4572,0.19463988426181963,0.1301,0.7267,11,0.5966
Iowa,Clinton County,0.4377583333333333,0.4196,0.25112264102094284,0.1088,0.8774,12,0.7686
North Dakota,McLean County,0.4376333333333333,0.5022,0.33297853284158324,0.0771,0.7336,3,0.6565000000000001
Pennsylvania,Somerset County,0.4376333333333333,0.43665,0.21793866442023396,0.0451,0.8964,24,0.8513
Ohio,Clermont County,0.43761458333333336,0.41885,0.21758859774332795,0.0669,0.9029,48,0.8360000000000001
Washington,Skagit County,0.4374780487804878,0.4877,0.23975441863727465,0.0552,0.8984,41,0.8432
Iowa,Harrison County,0.43740000000000007,0.4407,0.1831872402761721,0.1916,0.6497,5,0.45810000000000006
Washington,Wahkiakum County,0.4371,0.4371,,0.4371,0.4371,1,0.0
Tennessee,McMinn County,0.4370357142857143,0.48109999999999997,0.1666886669911806,0.1784,0.7574,14,0.579
Iowa,Chickasaw County,0.436775,0.4233,0.18586135289510836,0.2673,0.6332,4,0.3659
Tennessee,Robertson County,0.4364933333333333,0.4844,0.17934834208746903,0.0994,0.7243,15,0.6249
Georgia,Floyd County,0.43633076923076924,0.45935000000000004,0.18478033395192417,0.0476,0.7638,26,0.7162000000000001
Kentucky,Hancock County,0.43626666666666664,0.5336,0.38377166822647724,0.0132,0.762,3,0.7488
Texas,Walker County,0.43598333333333333,0.3744,0.1684487504113685,0.186,0.6911,12,0.5051000000000001
Kansas,Washington County,0.43595,0.43595,0.03401183617507296,0.4119,0.46,2,0.04810000000000003
West Virginia,Boone County,0.4358625,0.41054999999999997,0.09303109983072479,0.3491,0.5952,8,0.24609999999999993
Tennessee,Bedford County,0.43529999999999996,0.42895000000000005,0.24698080897106153,0.1102,0.7861,10,0.6759000000000001
Kentucky,Todd County,0.43515000000000004,0.51735,0.2845097596451365,0.0485,0.6574,4,0.6089
Colorado,Jackson County,0.435,0.435,,0.435,0.435,1,0.0
Kansas,Russell County,0.43445,0.43445,0.06837722574073915,0.3861,0.4828,2,0.09670000000000001
Virginia,Nottoway County,0.43444000000000005,0.391,0.12646643032836816,0.3319,0.6535,5,0.3216
West Virginia,Harrison County,0.434324,0.4036,0.2599881540250119,0.0797,0.8103,25,0.7306
North Dakota,Burke County,0.4342,0.4342,,0.4342,0.4342,1,0.0
Montana,Dawson County,0.43416666666666665,0.4397,0.20045728555812917,0.231,0.6318,3,0.40080000000000005
Wisconsin,Marathon County,0.434153125,0.41564999999999996,0.2290989714066756,0.0169,0.8319,32,0.815
Nevada,Humboldt County,0.43384,0.4345,0.20948129510770175,0.1131,0.6742,5,0.5611
Louisiana,Madison Parish,0.4337,0.428,0.10261379049620964,0.3312,0.6025,5,0.27130000000000004
Texas,Live Oak County,0.433625,0.4113,0.19546828174071273,0.2199,0.692,4,0.47209999999999996
Missouri,Clay County,0.4333909090909091,0.3518,0.28747552248310815,0.0287,0.9983,55,0.9696
Oklahoma,Cimarron County,0.43310000000000004,0.43310000000000004,0.0866912913734707,0.3718,0.4944,2,0.12259999999999999
Illinois,Piatt County,0.432775,0.4258,0.11744006627495857,0.2968,0.5827,4,0.2859
Mississippi,DeSoto County,0.4326341463414634,0.4471,0.23921755016068125,0.0724,0.926,41,0.8536
Virginia,Williamsburg city,0.43250000000000005,0.4539,0.0848487477809779,0.339,0.5046,3,0.16560000000000002
Georgia,Spalding County,0.4325,0.3974,0.1510094574852847,0.1623,0.7033,17,0.541
Washington,Kitsap County,0.43219152542372885,0.4042,0.24919437385588394,0.0496,0.9588,59,0.9092
Michigan,Hillsdale County,0.4318692307692308,0.4822,0.22617894606047143,0.1252,0.7687,13,0.6435000000000001
Maryland,Frederick County,0.4318523076923077,0.381,0.24452390227471393,0.0488,0.9116,65,0.8628
Montana,Roosevelt County,0.4314,0.4537,0.07894852753535053,0.3437,0.4968,3,0.1531
Louisiana,St. Mary Parish,0.4313625,0.44320000000000004,0.18651361657173096,0.1288,0.7213,16,0.5925
Tennessee,Obion County,0.43109000000000003,0.43255,0.13650560794341016,0.1134,0.5972,10,0.48379999999999995
Maryland,Montgomery County,0.43062586206896547,0.43320000000000003,0.1772760720886616,0.0667,0.8004,232,0.7337
North Dakota,Cass County,0.4305318181818182,0.37555,0.3111502917889332,0.0259,0.9317,44,0.9057999999999999
Ohio,Wayne County,0.430275,0.43445,0.17856617278901435,0.1001,0.6691,32,0.5690000000000001
Wisconsin,Chippewa County,0.42991666666666667,0.4266,0.2609199906391833,0.0302,0.8675,12,0.8373
Georgia,Lowndes County,0.4293689655172414,0.4484,0.22946398270666776,0.0738,0.8978,29,0.8240000000000001
Kentucky,Carroll County,0.4291333333333333,0.5335,0.19896447756655794,0.1997,0.5542,3,0.35450000000000004
Texas,Washington County,0.4288777777777778,0.4856,0.19907771584093598,0.1155,0.6771,9,0.5616
Georgia,Mitchell County,0.4287428571428572,0.3572,0.1686317077454381,0.2353,0.677,7,0.44170000000000004
Virginia,Henry County,0.4286428571428571,0.44635,0.1835238895129951,0.1081,0.6899,14,0.5818
Iowa,Buchanan County,0.42829999999999996,0.4415,0.14328754307336003,0.2577,0.5765,6,0.31880000000000003
Washington,Pend Oreille County,0.42786,0.4184,0.1258018004640633,0.2791,0.6065,5,0.3274
Iowa,Worth County,0.4272,0.4527,0.08140276408083451,0.3361,0.4928,3,0.1567
Iowa,Carroll County,0.4271333333333333,0.42855,0.13469311291475397,0.2418,0.5993,6,0.35750000000000004
Missouri,Harrison County,0.42710000000000004,0.388,0.08343062986697393,0.3704,0.5229,3,0.15250000000000002
Utah,Duchesne County,0.42669999999999997,0.41800000000000004,0.1352056704925253,0.2786,0.5922,4,0.31359999999999993
Minnesota,Olmsted County,0.4266142857142857,0.4215,0.208963114030228,0.0252,0.7471,35,0.7219
Georgia,Jones County,0.4266111111111111,0.3389,0.13255159791987087,0.3109,0.6165,9,0.30560000000000004
Montana,Pondera County,0.42645,0.42645,0.007566042558696089,0.4211,0.4318,2,0.010700000000000043
Ohio,Meigs County,0.4262666666666666,0.4567,0.31483744800558056,0.0869,0.9537,6,0.8668
New York,Albany County,0.4261388235294118,0.4294,0.24443227959523522,0.0219,0.8763,85,0.8543999999999999
West Virginia,Fayette County,0.42606923076923076,0.4577,0.15165790112736946,0.1799,0.6845,13,0.5045999999999999
Oregon,Wallowa County,0.42586666666666667,0.4449,0.09341575527357968,0.3244,0.5083,3,0.18389999999999995
Georgia,Clinch County,0.42584999999999995,0.42584999999999995,0.10373256480006654,0.3525,0.4992,2,0.1467
Kansas,Gray County,0.42565,0.42565,0.049002499936227704,0.391,0.4603,2,0.06929999999999997
Florida,Taylor County,0.42545714285714287,0.3917,0.2183619537766203,0.0499,0.7118,7,0.6618999999999999
Illinois,Fayette County,0.42532857142857144,0.3709,0.18262380014924778,0.1702,0.7496,7,0.5794
Mississippi,Kemper County,0.42525,0.42525,0.0060104076400856795,0.421,0.4295,2,0.008500000000000008
Georgia,Screven County,0.42494999999999994,0.4,0.1582030056604488,0.2592,0.6799,6,0.42069999999999996
Oklahoma,Cleveland County,0.424925352112676,0.4391,0.23530649661258513,0.0257,0.9084,71,0.8827
Rhode Island,Washington County,0.4248310344827586,0.3698,0.2437617266094206,0.068,0.955,29,0.887
California,Mendocino County,0.42462608695652176,0.3804,0.2617506485489774,0.0696,0.8835,23,0.8139
Arkansas,Mississippi County,0.4245285714285714,0.44715000000000005,0.19843073749401222,0.1171,0.6749,14,0.5578000000000001
Georgia,Treutlen County,0.4244,0.4244,0.17819090885900998,0.2984,0.5504,2,0.252
Kansas,Stevens County,0.42405000000000004,0.42405000000000004,0.14446191539641162,0.3219,0.5262,2,0.20429999999999998
Kansas,Phillips County,0.4240333333333333,0.3333,0.2095874360102087,0.2751,0.6637,3,0.38859999999999995
Texas,Marion County,0.423975,0.50835,0.23216832076462682,0.0865,0.5927,4,0.5062
Oklahoma,Custer County,0.42391428571428574,0.4207,0.13084272274466813,0.1748,0.5592,7,0.3844
Montana,Fergus County,0.4238,0.4233,0.02885324938373494,0.3952,0.4529,3,0.05770000000000003
Kentucky,Hopkins County,0.42342307692307696,0.3337,0.24564633844155623,0.0881,0.8126,13,0.7245
South Dakota,Turner County,0.42325,0.42325,0.1946664968606565,0.2856,0.5609,2,0.27529999999999993
Texas,Colorado County,0.4232,0.4038,0.1335743238800032,0.2416,0.614,5,0.37239999999999995
Illinois,Richland County,0.42274,0.4615,0.10841896974238412,0.2493,0.5328,5,0.2835000000000001
California,Napa County,0.4224225,0.39749999999999996,0.18497933701306987,0.0833,0.8244,40,0.7411
Texas,Hunt County,0.4222285714285714,0.4135,0.2721759507062612,0.0385,0.8553,21,0.8168
Kentucky,Martin County,0.42125,0.37195,0.18724031795173457,0.2656,0.6755,4,0.4099
South Carolina,Sumter County,0.4212269230769231,0.40325,0.20434353732416852,0.0622,0.7566,26,0.6944
Pennsylvania,Venango County,0.4211,0.4347,0.17520790507280198,0.0148,0.6948,17,0.6799999999999999
Minnesota,Nobles County,0.4209666666666667,0.43325,0.15659717323970657,0.1812,0.643,6,0.4618
Pennsylvania,Union County,0.4206,0.4385,0.2663205737452516,0.0214,0.7524,11,0.731
Texas,Morris County,0.41986666666666667,0.4209,0.013978674233751005,0.4054,0.4333,3,0.027900000000000036
Missouri,Holt County,0.4196,0.4497,0.06509708134778396,0.3449,0.4642,3,0.11930000000000002
Idaho,Kootenai County,0.4192076923076923,0.4565,0.2074733735416305,0.0435,0.7532,39,0.7097
Kansas,Edwards County,0.41905000000000003,0.41905000000000003,0.004030508652763329,0.4162,0.4219,2,0.005699999999999983
Michigan,St. Clair County,0.419018,0.38615,0.2426006424356788,0.0779,0.8876,50,0.8097
Tennessee,Fayette County,0.41895454545454547,0.389,0.21372674312605974,0.0874,0.8674,11,0.7799999999999999
Colorado,Cheyenne County,0.4189,0.4189,,0.4189,0.4189,1,0.0
Oklahoma,Osage County,0.41830769230769227,0.3423,0.2609581622327561,0.0872,0.8755,13,0.7883
Nebraska,Hamilton County,0.4179333333333333,0.4213,0.046042407987998746,0.3703,0.4622,3,0.09189999999999998
Rhode Island,Newport County,0.4179086956521739,0.3656,0.2600101447549577,0.0343,0.8658,23,0.8315
Oklahoma,Okmulgee County,0.4178181818181818,0.438,0.1754738602651792,0.0986,0.6757,11,0.5771
Idaho,Shoshone County,0.41766666666666663,0.4226,0.2173419962486158,0.1979,0.6325,3,0.4346
Wisconsin,Walworth County,0.4175241379310345,0.3762,0.24788367613974044,0.0675,0.8958,29,0.8283
Pennsylvania,Lawrence County,0.41744642857142855,0.44930000000000003,0.1918300723386173,0.015,0.7979,28,0.7829
Iowa,Hancock County,0.417325,0.42405000000000004,0.16258865017788504,0.2409,0.5803,4,0.33940000000000003
Illinois,McHenry County,0.4169921875,0.42679999999999996,0.2150326614576297,0.0297,0.8004,64,0.7707
Arkansas,Greene County,0.41679166666666667,0.39635,0.20301280057417487,0.1044,0.7289,12,0.6244999999999999
Montana,Custer County,0.4167666666666667,0.3957,0.18045499900713938,0.203,0.7307,6,0.5277000000000001
Minnesota,Koochiching County,0.41666,0.4868,0.21385218726961852,0.183,0.6526,5,0.46959999999999996
Georgia,Whitfield County,0.4165090909090909,0.40049999999999997,0.23972046401131644,0.0847,0.8104,22,0.7257
Illinois,Fulton County,0.4165083333333333,0.37545,0.15633947014187566,0.157,0.7208,12,0.5638
Tennessee,Coffee County,0.4165,0.4446,0.21076229798045001,0.0475,0.7091,17,0.6616
Missouri,Pike County,0.41608,0.4193,0.09749026618078341,0.2902,0.5289,5,0.23870000000000002
Washington,Kittitas County,0.4154714285714286,0.34955,0.25031252597371284,0.1051,0.7738,14,0.6687000000000001
Oklahoma,Pontotoc County,0.4153909090909091,0.383,0.24302254403468607,0.0783,0.7295,11,0.6512
Illinois,Hamilton County,0.4152666666666667,0.3944,0.08055317084592843,0.3472,0.5042,3,0.15699999999999997
Georgia,Henry County,0.4150610169491525,0.3885,0.2113192690081063,0.129,0.8337,59,0.7047
Colorado,Bent County,0.41495000000000004,0.41495000000000004,0.037405948724768344,0.3885,0.4414,2,0.0529
Oregon,Douglas County,0.4149137931034483,0.3694,0.1613787707850649,0.1848,0.7268,29,0.542
Illinois,White County,0.41484000000000004,0.3704,0.23432371412215197,0.2002,0.8131,5,0.6129
Texas,Kaufman County,0.41480370370370373,0.3407,0.2436501455925964,0.0794,0.9895,27,0.9101
Michigan,Isabella County,0.4144333333333334,0.42445,0.11921834639705023,0.226,0.6288,18,0.40280000000000005
Arkansas,Conway County,0.41435,0.47785,0.24735927514447484,0.0733,0.7365,6,0.6632
North Dakota,Mountrail County,0.4141333333333333,0.4426,0.10056845098406027,0.3024,0.4974,3,0.195
Montana,Lincoln County,0.4138833333333333,0.3506,0.1855118693417396,0.1911,0.721,6,0.5299
Minnesota,Marshall County,0.41322499999999995,0.37629999999999997,0.17269235410598424,0.2708,0.6295,4,0.35869999999999996
Montana,Deer Lodge County,0.4131666666666667,0.3715,0.1742766000739438,0.2635,0.6045,3,0.341
Oregon,Coos County,0.41256666666666664,0.3789,0.1705581523508429,0.1146,0.68,21,0.5654
Kansas,Miami County,0.4125625,0.40725,0.2089930753295771,0.0694,0.6568,8,0.5874
Iowa,Kossuth County,0.41251666666666664,0.4179,0.11137501365506837,0.2642,0.5518,6,0.28759999999999997
Wisconsin,Wood County,0.41193529411764707,0.4105,0.16726045909440337,0.1033,0.6799,17,0.5766
Wyoming,Platte County,0.41183333333333333,0.3127,0.17387352683296367,0.3102,0.6126,3,0.30240000000000006
Kansas,Doniphan County,0.4116666666666666,0.3058,0.2881736513516344,0.1914,0.7378,3,0.5464
Mississippi,Adams County,0.41105,0.46965,0.16677869734737974,0.1007,0.6077,10,0.507
Kansas,Mitchell County,0.41095000000000004,0.41095000000000004,0.05013387078612621,0.3755,0.4464,2,0.07090000000000002
Kansas,Labette County,0.41083749999999997,0.39165,0.09755451131839792,0.318,0.6191,8,0.3011
Oklahoma,Logan County,0.4107538461538462,0.4425,0.21779762630855515,0.0658,0.7334,13,0.6676000000000001
Kansas,Greeley County,0.4107,0.4107,,0.4107,0.4107,1,0.0
Kentucky,Floyd County,0.41053571428571434,0.39954999999999996,0.1389384900270224,0.2212,0.6495,14,0.42829999999999996
Texas,La Salle County,0.4104,0.4104,0.018526197667087546,0.3973,0.4235,2,0.0262
Minnesota,Roseau County,0.41014,0.355,0.18086705891344618,0.2516,0.7213,5,0.46970000000000006
Wisconsin,Kewaunee County,0.40998,0.3604,0.21030201378018232,0.1355,0.6846,5,0.5490999999999999
Oklahoma,Texas County,0.4096666666666667,0.41685,0.06691067677633117,0.3016,0.5029,6,0.20130000000000003
South Carolina,Greenwood County,0.4087277777777778,0.3955,0.24469198358357663,0.0565,0.7806,18,0.7241
Washington,Thurston County,0.4086459016393442,0.4046,0.19891400032323056,0.0689,0.9205,61,0.8516
Virginia,Campbell County,0.40845,0.40469999999999995,0.20991084038012642,0.0939,0.7525,12,0.6586
Montana,Rosebud County,0.40845,0.4374,0.31344483299830184,0.0695,0.6895,4,0.62
North Carolina,Iredell County,0.4084152173913043,0.3819,0.24590694262251253,0.0341,0.9663,46,0.9322
Nebraska,Sarpy County,0.4083127659574468,0.3988,0.27259078871883596,0.0127,0.8918,47,0.8791
Oklahoma,Jackson County,0.408175,0.36655,0.12043678543416164,0.3022,0.6611,8,0.3589
Illinois,Mason County,0.4078166666666667,0.3963,0.15855195257916782,0.2115,0.6407,6,0.4292
Kansas,Jewell County,0.4076,0.4076,,0.4076,0.4076,1,0.0
Michigan,Midland County,0.4072952380952381,0.4193,0.28486913043745277,0.0783,0.8926,21,0.8142999999999999
Georgia,Washington County,0.40725999999999996,0.3525,0.26152661050072895,0.1689,0.8145,5,0.6456
Oklahoma,Garvin County,0.4071444444444444,0.3604,0.2162839806314323,0.0632,0.7651,9,0.7019
Texas,Crane County,0.407,0.407,,0.407,0.407,1,0.0
Georgia,Morgan County,0.40685,0.28855,0.22817180150053598,0.2206,0.7045,6,0.4839
California,Sonoma County,0.40680495867768596,0.3956,0.20219464254823025,0.09,0.9009,121,0.8109000000000001
Mississippi,Leflore County,0.4068,0.5005,0.1926337976576281,0.0658,0.6112,8,0.5454
Arkansas,Monroe County,0.4066666666666667,0.4047,0.15895912472498497,0.2487,0.5666,3,0.31789999999999996
Illinois,Champaign County,0.40665208333333336,0.4335,0.22989943961652648,0.0091,0.8539,48,0.8448
Georgia,Sumter County,0.406625,0.4198,0.1980855569120143,0.0955,0.668,8,0.5725
Colorado,Yuma County,0.40645,0.40645,0.021283914113715073,0.3914,0.4215,2,0.03009999999999996
Mississippi,Winston County,0.40618,0.1414,0.4008599967569725,0.0876,0.8993,5,0.8117
Wyoming,Park County,0.4061142857142857,0.4699,0.14864709245470661,0.1451,0.5512,7,0.4061
Georgia,Douglas County,0.4060677419354839,0.3737,0.18120501903846697,0.0798,0.8,31,0.7202000000000001
Nebraska,Thurston County,0.40599999999999997,0.40599999999999997,0.16489730137270286,0.2894,0.5226,2,0.23319999999999996
Oklahoma,Choctaw County,0.40594,0.3602,0.19005434222874254,0.2685,0.7323,5,0.46379999999999993
West Virginia,Tyler County,0.40576666666666666,0.4715,0.2495789521040052,0.1299,0.6159,3,0.486
Kansas,Republic County,0.40573333333333333,0.4444,0.12102488724776131,0.2701,0.5027,3,0.23260000000000003
Kansas,Lincoln County,0.4055,0.4055,,0.4055,0.4055,1,0.0
Pennsylvania,Jefferson County,0.4054846153846154,0.3625,0.17619441367494146,0.1267,0.7444,13,0.6176999999999999
South Carolina,Jasper County,0.40535000000000004,0.42085,0.16797743598471793,0.1545,0.5757,6,0.4212
Kentucky,Union County,0.4052,0.403,0.1045795709814621,0.2996,0.5152,4,0.2156
Kansas,Harper County,0.4052,0.3785,0.05549657647098604,0.3681,0.469,3,0.10089999999999999
Arkansas,St. Francis County,0.4051857142857143,0.3902,0.20508953677659447,0.0967,0.648,7,0.5513
Idaho,Franklin County,0.4047,0.4047,0.06915504320004434,0.3558,0.4536,2,0.0978
New York,Orange County,0.4041597826086956,0.40115,0.26594659096124584,0.0056,0.9264,92,0.9208
Oklahoma,Tillman County,0.4039,0.4234,0.13315361429566977,0.2725,0.6051,5,0.33259999999999995
Kentucky,Ohio County,0.4038625,0.4446,0.23912088955469488,0.0278,0.6581,8,0.6303
Nebraska,Washington County,0.40347999999999995,0.4358,0.12000944546159693,0.239,0.5169,5,0.27790000000000004
Pennsylvania,Carbon County,0.4033529411764706,0.312,0.33264724205539237,0.005,0.9099,17,0.9049
Illinois,Sangamon County,0.403087037037037,0.39885000000000004,0.23204862620392883,0.0407,0.8993,54,0.8586
Iowa,Audubon County,0.4028333333333333,0.4261,0.16066848892465918,0.2318,0.5506,3,0.3188
Idaho,Bear Lake County,0.40275,0.40275,0.03146625176280135,0.3805,0.425,2,0.044499999999999984
Illinois,Henderson County,0.4025666666666667,0.4389,0.16993846925676756,0.2174,0.5514,3,0.33399999999999996
Tennessee,Maury County,0.4019,0.3642,0.22388738910443348,0.0709,0.7612,21,0.6903
Michigan,Van Buren County,0.40172272727272723,0.398,0.21315605267551702,0.1306,0.844,22,0.7134
South Carolina,Newberry County,0.40162,0.344,0.25559349148381866,0.0333,0.8769,10,0.8436
Kansas,Reno County,0.40146470588235295,0.4159,0.2227236542814225,0.0721,0.8071,17,0.7350000000000001
Arkansas,Hempstead County,0.40135714285714286,0.3471,0.19624688411235863,0.2042,0.6952,7,0.49100000000000005
Kansas,Jefferson County,0.401275,0.3877,0.2051008918394392,0.1836,0.6461,4,0.4625
Tennessee,Franklin County,0.40094,0.43689999999999996,0.24488568398790123,0.0623,0.699,10,0.6366999999999999
Illinois,Monroe County,0.40085714285714286,0.4025,0.2490154001739843,0.1201,0.8554,7,0.7353000000000001
Montana,McCone County,0.4008,0.4008,,0.4008,0.4008,1,0.0
Minnesota,Kandiyohi County,0.40065,0.43815000000000004,0.23968810604996274,0.07,0.7551,12,0.6851
Idaho,Elmore County,0.40004285714285714,0.3784,0.19784324482733676,0.1745,0.7744,7,0.5999
Louisiana,Lafayette Parish,0.3994431034482759,0.3781,0.20636916428853178,0.0578,0.902,58,0.8442000000000001
Texas,Ector County,0.3993575757575758,0.3791,0.2069706531587012,0.0419,0.7165,33,0.6746
Kansas,Haskell County,0.3991,0.3991,,0.3991,0.3991,1,0.0
Georgia,Twiggs County,0.399,0.3164,0.18231939008234974,0.2726,0.608,3,0.3354
Nevada,Eureka County,0.3989,0.3989,,0.3989,0.3989,1,0.0
Texas,Comal County,0.3985030303030303,0.3171,0.24362962346157807,0.0675,0.8198,33,0.7523
Illinois,Iroquois County,0.39832222222222224,0.4205,0.05586507804026094,0.2845,0.453,9,0.16850000000000004
New Mexico,Eddy County,0.3982384615384615,0.4274,0.10953822421466654,0.1704,0.571,13,0.40059999999999996
Missouri,Audrain County,0.39818571428571425,0.2886,0.21506234312071332,0.1233,0.703,7,0.5797
Mississippi,Forrest County,0.39808095238095237,0.3518,0.19930526741420465,0.0368,0.7497,21,0.7129000000000001
Montana,Valley County,0.39796666666666664,0.3654,0.05684068378664471,0.3649,0.4636,3,0.09870000000000001
Idaho,Gooding County,0.39735000000000004,0.3773,0.14257228575942335,0.2706,0.5642,4,0.2936
New York,Rensselaer County,0.39729583333333335,0.44930000000000003,0.22561744401995887,0.022,0.7358,48,0.7138
Oregon,Josephine County,0.39704999999999996,0.32730000000000004,0.2271809845957728,0.126,0.7807,22,0.6547
Nebraska,Pawnee County,0.3968,0.3968,,0.3968,0.3968,1,0.0
Indiana,Scott County,0.39676,0.3684,0.12395330975815048,0.2366,0.5671,5,0.3305
Oklahoma,Mayes County,0.39671,0.35745,0.2100405064108667,0.0965,0.7646,10,0.6680999999999999
Wisconsin,Eau Claire County,0.39648181818181816,0.435,0.24290853782631386,0.0542,0.7835,22,0.7293
Texas,Wharton County,0.3964083333333333,0.4138,0.14534666058229284,0.1191,0.6008,12,0.4817
Alabama,Talladega County,0.39627083333333335,0.35085,0.17047301068846177,0.1268,0.7674,24,0.6406
Texas,Martin County,0.3962,0.3962,0.004101219330881995,0.3933,0.3991,2,0.005800000000000027
Idaho,Clearwater County,0.39599999999999996,0.4252,0.057912779246035176,0.3293,0.4335,3,0.10420000000000001
Minnesota,Big Stone County,0.3957333333333333,0.3506,0.1490174598271402,0.2745,0.5621,3,0.2876
Iowa,Osceola County,0.39565000000000006,0.39565000000000006,0.17274618664387356,0.2735,0.5178,2,0.24430000000000002
Iowa,Pocahontas County,0.39559999999999995,0.4228,0.08955355939324804,0.2956,0.4684,3,0.1728
Virginia,Warren County,0.39549999999999996,0.4247,0.261248449756166,0.0129,0.736,9,0.7231
Kansas,Rice County,0.3952,0.3575,0.17541519318462698,0.2417,0.5864,3,0.3447
Indiana,Benton County,0.39503333333333335,0.3734,0.04990053439927606,0.3596,0.4521,3,0.09250000000000003
Indiana,Steuben County,0.3949111111111111,0.3681,0.13700896361592957,0.2234,0.6218,9,0.39840000000000003
Mississippi,Madison County,0.3948384615384616,0.41190000000000004,0.20788254390770394,0.0573,0.7625,26,0.7051999999999999
California,Lassen County,0.3947333333333333,0.3944,0.20452397170014078,0.169,0.7896,9,0.6205999999999999
Louisiana,Washington Parish,0.3947076923076923,0.2649,0.3209562832680345,0.0175,0.9151,13,0.8976000000000001
Texas,Calhoun County,0.3947,0.3836,0.1964954028300238,0.193,0.7407,7,0.5477000000000001
Ohio,Brown County,0.39449,0.4248,0.18612688891661458,0.0791,0.7491,10,0.6699999999999999
Texas,Austin County,0.3944875,0.40435,0.15099784707547512,0.14,0.6277,8,0.4877
South Dakota,Davison County,0.39436,0.432,0.09408699697620283,0.2472,0.4713,5,0.2241
Arkansas,Pope County,0.3940882352941177,0.3961,0.24780573006478515,0.0118,0.9041,17,0.8923
Ohio,Licking County,0.3939065217391305,0.30579999999999996,0.25638653665655686,0.0487,0.8488,46,0.8001
Texas,Lavaca County,0.3938,0.41910000000000003,0.14755397656451014,0.1237,0.5449,6,0.4212
Minnesota,Carver County,0.393776,0.3785,0.18576971470075523,0.1071,0.6663,25,0.5592
Louisiana,Caldwell Parish,0.3936,0.4344,0.16121963279948257,0.2159,0.5305,3,0.3146
Illinois,Jackson County,0.39349999999999996,0.4112,0.19486596034197454,0.0512,0.7166,17,0.6654
Tennessee,Haywood County,0.39335000000000003,0.34585,0.18270476457936177,0.2136,0.6244,6,0.41079999999999994
Indiana,Noble County,0.39333999999999997,0.38685,0.15665915017429827,0.1126,0.6708,10,0.5581999999999999
South Carolina,Allendale County,0.3929666666666667,0.4426,0.1360202313383319,0.2391,0.4972,3,0.2581
Iowa,Mills County,0.39274,0.3161,0.14718801921352162,0.2532,0.5773,5,0.32410000000000005
Kansas,Logan County,0.3921,0.3921,,0.3921,0.3921,1,0.0
South Dakota,Grant County,0.39155,0.39155,0.06215468606629751,0.3476,0.4355,2,0.08789999999999998
Indiana,Greene County,0.39116666666666666,0.4044,0.15454636035830802,0.1592,0.6106,9,0.4514
Mississippi,Lauderdale County,0.390984,0.3949,0.28996876222563467,0.0074,0.958,25,0.9506
Indiana,Franklin County,0.39096000000000003,0.3277,0.16041138675293598,0.2311,0.6006,5,0.36950000000000005
Georgia,Gordon County,0.39094666666666666,0.4487,0.17648276672916524,0.104,0.6566,15,0.5526
Idaho,Canyon County,0.3907962962962963,0.38470000000000004,0.27749682640576095,0.0162,0.9169,54,0.9007000000000001
Tennessee,Lauderdale County,0.39074444444444445,0.3404,0.157083147656831,0.2257,0.7241,9,0.49839999999999995
Oklahoma,Creek County,0.39064347826086954,0.3655,0.2315675236809243,0.0602,0.7533,23,0.6930999999999999
Missouri,Ray County,0.3905666666666667,0.46414999999999995,0.2501950652324435,0.085,0.6499,6,0.5649000000000001
Iowa,Clayton County,0.39020000000000005,0.4105,0.12441250740982597,0.1637,0.5212,6,0.3575
Missouri,Vernon County,0.3901333333333334,0.3491,0.181981654753073,0.2237,0.712,6,0.48829999999999996
New York,Washington County,0.3900666666666667,0.3875,0.24887390850254537,0.0614,0.8738,21,0.8124
Mississippi,Jackson County,0.3900642857142857,0.2954,0.27810496686650316,0.0154,0.9256,42,0.9102
Nebraska,Nuckolls County,0.3896,0.3896,0.14212846301849602,0.2891,0.4901,2,0.20099999999999996
Louisiana,Beauregard Parish,0.3894777777777778,0.4125,0.24969594899486142,0.0477,0.7227,9,0.675
Georgia,Elbert County,0.3894666666666666,0.46249999999999997,0.21813402913499455,0.1105,0.5901,6,0.47959999999999997
Washington,Chelan County,0.38931739130434784,0.3727,0.24140619418914125,0.0222,0.7696,23,0.7474
Louisiana,Richland Parish,0.3889833333333333,0.4314,0.1884650038247596,0.1193,0.6376,6,0.5183
Alabama,Chambers County,0.3889111111111111,0.3057,0.29946264977641385,0.0781,0.7515,9,0.6734
Texas,Lamar County,0.38834615384615384,0.3866,0.2635714375502545,0.0389,0.8386,13,0.7997
Iowa,Davis County,0.3883,0.3883,0.031395541084682704,0.3661,0.4105,2,0.044399999999999995
Missouri,Randolph County,0.38809999999999995,0.3624,0.2687461999731345,0.0763,0.8168,6,0.7404999999999999
Montana,Wheatland County,0.388,0.388,,0.388,0.388,1,0.0
West Virginia,Pleasants County,0.38785000000000003,0.38785000000000003,0.1972120812729281,0.2484,0.5273,2,0.2789
West Virginia,Raleigh County,0.38781764705882354,0.335,0.18194714629286615,0.1106,0.7182,17,0.6075999999999999
New York,Chautauqua County,0.3877027777777778,0.36424999999999996,0.22146662758736504,0.0696,0.8715,36,0.8019000000000001
Missouri,Lawrence County,0.38766,0.38445,0.21859456738192032,0.1196,0.8638,10,0.7442
Idaho,Oneida County,0.3874,0.3874,,0.3874,0.3874,1,0.0
South Dakota,Brown County,0.3873,0.38239999999999996,0.15540569028008133,0.1582,0.6001,8,0.44189999999999996
Louisiana,St. Landry Parish,0.3871857142857143,0.36395,0.22578078800642945,0.0486,0.7821,28,0.7335
Oregon,Clatsop County,0.38718181818181824,0.4055,0.18570358541601623,0.1361,0.6172,11,0.48109999999999997
Florida,Alachua County,0.38715344827586207,0.36045,0.2457394878018056,0.0098,0.9637,58,0.9539
Kentucky,Graves County,0.38689999999999997,0.3208,0.20199634210109405,0.1459,0.6703,10,0.5244
Alabama,Montgomery County,0.3865788732394366,0.3057,0.2846618590114508,0.0156,0.9734,71,0.9578000000000001
Missouri,Atchison County,0.38615,0.38615,0.05084097756731274,0.3502,0.4221,2,0.07189999999999996
Wisconsin,Juneau County,0.38615,0.36545000000000005,0.18085608327380878,0.0626,0.5782,8,0.5156000000000001
Nebraska,Hitchcock County,0.3859,0.3859,,0.3859,0.3859,1,0.0
Florida,DeSoto County,0.38586666666666664,0.3661,0.1600467353618936,0.2076,0.6455,9,0.43789999999999996
Georgia,Gwinnett County,0.3857336363636364,0.3365,0.22831627157956796,0.0236,0.9325,220,0.9089
California,Mariposa County,0.3856833333333333,0.3709,0.08690361135572369,0.297,0.5025,6,0.20549999999999996
Indiana,Warrick County,0.38564375,0.3422,0.26726773085865296,0.0846,0.8971,16,0.8125
Minnesota,Mahnomen County,0.385,0.385,0.2422547832345112,0.2137,0.5563,2,0.3426
Alabama,Russell County,0.3849666666666667,0.334,0.226808540662928,0.0425,0.7402,18,0.6977
Wisconsin,Grant County,0.3848583333333333,0.40659999999999996,0.19417219845156813,0.0573,0.7325,12,0.6752
Texas,Upshur County,0.38469000000000003,0.3553,0.19742419332774572,0.0856,0.6679,10,0.5823
Kansas,Butler County,0.3846473684210526,0.3376,0.2676764846028817,0.0708,0.8972,19,0.8264
Virginia,Newport News city,0.3842340425531915,0.394,0.17443392454824408,0.1028,0.8813,47,0.7785
Virginia,Northampton County,0.38415,0.35225,0.14331007175584928,0.2489,0.5832,4,0.33430000000000004
Nevada,Elko County,0.3841466666666667,0.3244,0.2757695722018311,0.0067,0.8146,15,0.8079
Alabama,Limestone County,0.3840304347826087,0.3885,0.22928530348728612,0.0633,0.7152,23,0.6518999999999999
Minnesota,Lake of the Woods County,0.3832333333333333,0.4124,0.08317802193688752,0.2894,0.4479,3,0.15850000000000003
South Carolina,Cherokee County,0.38308125,0.39925,0.19962878289047734,0.0553,0.7303,16,0.6749999999999999
Illinois,Jo Daviess County,0.38288571428571433,0.3597,0.23776825151514958,0.0786,0.6916,7,0.613
Iowa,Clay County,0.38288,0.3987,0.13124055013600028,0.1821,0.5017,5,0.3196
Virginia,Norton city,0.3826,0.3826,,0.3826,0.3826,1,0.0
Kansas,Smith County,0.3824,0.3824,0.20039406178826757,0.2407,0.5241,2,0.2834
Kansas,Decatur County,0.3824,0.3824,,0.3824,0.3824,1,0.0
Minnesota,Renville County,0.3822833333333333,0.42274999999999996,0.09443599772685557,0.2248,0.458,6,0.23320000000000002
Colorado,Washington County,0.38195,0.38195,0.06484169183480641,0.3361,0.4278,2,0.0917
Georgia,Jefferson County,0.38175000000000003,0.38675000000000004,0.18964494017329686,0.1882,0.5653,4,0.3771
Iowa,Winnebago County,0.3816333333333333,0.3867,0.05059064472146341,0.3287,0.4295,3,0.1008
South Carolina,Marion County,0.3816,0.4069,0.21805516340071904,0.0729,0.6724,8,0.5995
Indiana,Warren County,0.3814333333333333,0.3538,0.11164498794542158,0.2862,0.5043,3,0.21809999999999996
Oklahoma,Sequoyah County,0.3813333333333333,0.36124999999999996,0.17094601132485893,0.1664,0.6877,12,0.5213
Texas,Guadalupe County,0.38133170731707317,0.4066,0.22886003740171024,0.0304,0.8804,41,0.85
North Carolina,Catawba County,0.38129705882352943,0.4041,0.2379178257492892,0.0275,0.8443,34,0.8168000000000001
Mississippi,Monroe County,0.3812454545454545,0.4048,0.19151965624257142,0.0403,0.6908,11,0.6505
Minnesota,Pipestone County,0.3809,0.4011,0.2179091209655989,0.1138,0.6447,5,0.5309
South Carolina,Kershaw County,0.38075000000000003,0.39935,0.20422108334438183,0.0319,0.784,18,0.7521
Oklahoma,Dewey County,0.38073333333333337,0.357,0.13082466637959883,0.2634,0.5218,3,0.2584
North Dakota,Pembina County,0.3807,0.40915,0.07396273836646847,0.2731,0.4314,4,0.1583
Florida,Pinellas County,0.38040402930402933,0.3261,0.2550311172303565,0.02,0.9369,273,0.9168999999999999
Pennsylvania,Adams County,0.38017407407407405,0.3753,0.16207517864486073,0.0292,0.6978,27,0.6686
Florida,Bradford County,0.3800666666666667,0.34675,0.09557932133399288,0.2916,0.5178,6,0.2262
South Carolina,Orangeburg County,0.3800205128205128,0.3184,0.2862590639148642,0.0153,0.9323,39,0.917
Louisiana,Union Parish,0.37995,0.3746,0.13520825048790477,0.2432,0.6289,6,0.38570000000000004
Nebraska,Kearney County,0.37995,0.37995,0.08251936136447012,0.3216,0.4383,2,0.11670000000000003
West Virginia,Mineral County,0.37957142857142856,0.3917,0.30259229288646083,0.0826,0.9256,7,0.843
Illinois,Greene County,0.37956,0.3667,0.07131895260027306,0.2942,0.4856,5,0.19139999999999996
Arkansas,Faulkner County,0.3793392857142857,0.34550000000000003,0.2914070633111336,0.0624,0.9349,28,0.8724999999999999
North Carolina,Richmond County,0.37870000000000004,0.4472,0.16934377461247285,0.0649,0.6084,11,0.5435000000000001
Oklahoma,Nowata County,0.3786,0.31925000000000003,0.21431875015188628,0.2031,0.6728,4,0.46969999999999995
South Carolina,Hampton County,0.3785428571428571,0.2832,0.18688342941651137,0.1775,0.6825,7,0.505
North Carolina,Lincoln County,0.3784666666666667,0.402,0.1681852969722593,0.0185,0.6131,18,0.5946
Rhode Island,Bristol County,0.3782818181818182,0.3602,0.08829154906537563,0.2117,0.5617,11,0.35
Florida,Escambia County,0.37822179487179486,0.2927,0.24259887455303444,0.0268,0.9256,78,0.8987999999999999
Missouri,Cole County,0.3781,0.36305,0.2741301258204814,0.0203,0.8369,18,0.8166
Georgia,Jenkins County,0.37805,0.37805,0.2865903784149077,0.1754,0.5807,2,0.4053
North Dakota,Walsh County,0.37753333333333333,0.3912,0.15700795733550155,0.1278,0.5716,6,0.4438
Kansas,Osborne County,0.3775,0.3775,,0.3775,0.3775,1,0.0
South Carolina,Union County,0.37709000000000004,0.36824999999999997,0.18714104870688078,0.1152,0.663,10,0.5478000000000001
Wyoming,Lincoln County,0.37686000000000003,0.3089,0.2523335154116472,0.1487,0.7447,5,0.5960000000000001
Kansas,Lane County,0.3767,0.3767,,0.3767,0.3767,1,0.0
Illinois,McDonough County,0.3765909090909091,0.3884,0.10821229555411394,0.2387,0.6211,11,0.38239999999999996
Georgia,Turner County,0.37656666666666666,0.3578,0.09780973025897441,0.2895,0.4824,3,0.19290000000000002
Kansas,Ottawa County,0.37644999999999995,0.37644999999999995,0.04023437584951458,0.348,0.4049,2,0.056900000000000006
Iowa,Wright County,0.37642,0.3495,0.13022563879666707,0.2502,0.5187,5,0.26850000000000007
Texas,Lee County,0.37625000000000003,0.35650000000000004,0.1795697914461116,0.2088,0.5832,4,0.37440000000000007
West Virginia,Randolph County,0.37605714285714287,0.3229,0.2474769070515662,0.0077,0.6732,7,0.6655
Kentucky,Calloway County,0.3756363636363636,0.31,0.2156086513696854,0.0766,0.7281,11,0.6515
California,Trinity County,0.37525,0.40675,0.08192144611353815,0.2555,0.432,4,0.1765
Indiana,Dearborn County,0.37523076923076926,0.3813,0.21768981137012122,0.0806,0.7912,13,0.7106
North Dakota,Traill County,0.375075,0.4166,0.1398855097332577,0.1807,0.4864,4,0.30569999999999997
Mississippi,Noxubee County,0.375,0.3602,0.1720780055672427,0.2108,0.554,3,0.34320000000000006
Texas,San Patricio County,0.37481875,0.22599999999999998,0.23963931290935273,0.0791,0.7373,16,0.6581999999999999
Georgia,Glynn County,0.37466,0.4154,0.3010969998743484,0.0005,0.8287,25,0.8282
West Virginia,Doddridge County,0.37460000000000004,0.37460000000000004,0.07665037508062177,0.3204,0.4288,2,0.1084
Virginia,Charlottesville city,0.37455,0.3727,0.0890540030237016,0.2779,0.5393,12,0.2614
Utah,Millard County,0.3742666666666667,0.379,0.015550026795260964,0.3569,0.3869,3,0.030000000000000027
Iowa,Louisa County,0.3739333333333333,0.4253,0.0912306052448044,0.2686,0.4279,3,0.1593
Colorado,El Paso County,0.3733646706586826,0.3518,0.21426909190155866,0.0341,0.9085,167,0.8744
Kansas,Elk County,0.3732,0.3732,,0.3732,0.3732,1,0.0
Minnesota,Red Lake County,0.3728,0.3728,0.1899288814267067,0.2385,0.5071,2,0.2686
South Carolina,Laurens County,0.372795,0.35055000000000003,0.21593002637306763,0.0717,0.7663,20,0.6946
Texas,Terrell County,0.3726,0.3726,,0.3726,0.3726,1,0.0
Kansas,Gove County,0.3725,0.3725,,0.3725,0.3725,1,0.0
Georgia,Wheeler County,0.3725,0.3725,0.10196479784710015,0.3004,0.4446,2,0.1442
Indiana,Ripley County,0.3724285714285714,0.3067,0.16201526383117645,0.157,0.584,7,0.42699999999999994
Georgia,Wayne County,0.3721571428571429,0.3438,0.25990987448949077,0.0923,0.8301,7,0.7378
Wisconsin,Crawford County,0.37200000000000005,0.39594999999999997,0.2800143924872434,0.0318,0.6636,6,0.6317999999999999
Colorado,Mesa County,0.37184242424242425,0.3606,0.1907740942029064,0.0902,0.7455,33,0.6553
Iowa,Wayne County,0.37139999999999995,0.3851,0.0607204248996991,0.305,0.4241,3,0.11909999999999998
Florida,Columbia County,0.3711076923076923,0.1983,0.3227271072736698,0.0324,0.8291,13,0.7967
Connecticut,Northeastern Connecticut Planning Region,0.3710230769230769,0.32335,0.21306817182806503,0.0558,0.7508,26,0.6950000000000001
Missouri,Dunklin County,0.37087,0.40985000000000005,0.20894461812749435,0.077,0.6928,10,0.6158
Virginia,New Kent County,0.3708,0.44545,0.17093622592456328,0.116,0.4763,4,0.3603
California,Plumas County,0.3707714285714286,0.3697,0.13687407490446238,0.2231,0.5878,7,0.3647
Oklahoma,Pittsburg County,0.37069285714285716,0.29305000000000003,0.260766035613671,0.0198,0.8308,14,0.8109999999999999
Missouri,Bates County,0.3706,0.377,0.17721888537436786,0.189,0.5394,4,0.3504
West Virginia,Wood County,0.3703785714285714,0.38780000000000003,0.22652165027283383,0.0562,0.7967,28,0.7404999999999999
Kansas,Leavenworth County,0.37015789473684213,0.4375,0.2778652677423788,0.0227,0.8074,19,0.7847
Louisiana,Lafourche Parish,0.3699846153846154,0.39005,0.1465248857834264,0.0365,0.6114,26,0.5749000000000001
Maryland,Caroline County,0.3697777777777778,0.3402,0.16612806639591168,0.1168,0.5538,9,0.43699999999999994
Georgia,Troup County,0.3696722222222222,0.30405,0.1957366772734874,0.1342,0.7655,18,0.6313
Georgia,Walton County,0.36951,0.39349999999999996,0.20257543338353326,0.1061,0.7843,20,0.6782
Ohio,Ross County,0.3693294117647059,0.3832,0.1928037466074826,0.068,0.7027,17,0.6347
Virginia,Suffolk city,0.36931388888888894,0.32855,0.2453134241889375,0.0316,0.9014,36,0.8698
South Dakota,Beadle County,0.36925,0.36655000000000004,0.19002085938127952,0.107,0.664,6,0.557
New York,Saratoga County,0.36890923076923077,0.3467,0.2574946108192588,0.0157,0.8791,65,0.8634
Illinois,Carroll County,0.3685833333333333,0.3479,0.09718700358930028,0.2631,0.5245,6,0.26139999999999997
Michigan,Manistee County,0.3683888888888889,0.437,0.2275289621369357,0.0437,0.6118,9,0.5681
Minnesota,Grant County,0.36835,0.36835,0.03061772362537751,0.3467,0.39,2,0.043300000000000005
South Dakota,Minnehaha County,0.3683425531914894,0.3185,0.2666034506321921,0.012,0.9573,47,0.9453
Iowa,Marion County,0.36807,0.32725000000000004,0.15996488538287257,0.1817,0.7038,10,0.5221
Oklahoma,McCurtain County,0.3680111111111111,0.3137,0.20769237735437257,0.1359,0.7171,9,0.5811999999999999
Kentucky,Franklin County,0.367975,0.32685,0.20859597280010236,0.0535,0.6936,20,0.6401
Illinois,Stephenson County,0.3674846153846154,0.3188,0.16570374591498047,0.116,0.651,13,0.535
South Dakota,Pennington County,0.36746,0.3695,0.18325766923469622,0.0467,0.7403,25,0.6936
Minnesota,Le Sueur County,0.3669142857142857,0.3587,0.1916886053696761,0.1501,0.7413,7,0.5912
Oklahoma,Garfield County,0.3668294117647059,0.3676,0.21442115032310216,0.0834,0.7012,17,0.6178
Louisiana,Livingston Parish,0.36669117647058824,0.30585,0.2273959760413233,0.0932,0.8005,34,0.7073
Florida,Jefferson County,0.3666,0.368,0.20074485049435264,0.14,0.6305,5,0.49049999999999994
Texas,Goliad County,0.36645,0.36645,0.08761053018901324,0.3045,0.4284,2,0.12390000000000001
Missouri,Livingston County,0.36638000000000004,0.3548,0.14812539282648338,0.1918,0.5772,5,0.3854000000000001
Texas,Shelby County,0.36637142857142857,0.3752,0.16353688385484294,0.0803,0.5873,7,0.507
Arkansas,Little River County,0.36628333333333335,0.41285,0.1597054966701731,0.1627,0.5108,6,0.3481
Arkansas,Ashley County,0.3659428571428571,0.3516,0.20844778608517173,0.1145,0.6154,7,0.5008999999999999
Iowa,Lyon County,0.36556666666666665,0.3292,0.10165197161557338,0.2871,0.4804,3,0.19329999999999997
Virginia,Hanover County,0.365344,0.2768,0.2671495540578972,0.0323,0.8479,25,0.8156
West Virginia,Upshur County,0.36484999999999995,0.40335,0.12644046425096672,0.1703,0.4915,6,0.3212
Minnesota,Benton County,0.36452999999999997,0.46055,0.2525613415038458,0.053,0.7464,10,0.6933999999999999
North Carolina,Rockingham County,0.36424090909090906,0.36645,0.17376045815484553,0.0776,0.7088,22,0.6312
Nebraska,Garden County,0.3642,0.3642,,0.3642,0.3642,1,0.0
Texas,Henderson County,0.3632571428571429,0.34625,0.16906546272917686,0.1522,0.8363,28,0.6841
Arkansas,Dallas County,0.3631333333333333,0.2866,0.26531231281893675,0.1445,0.6583,3,0.5138
Tennessee,Dickson County,0.36312727272727274,0.4366,0.2409933239361999,0.0245,0.6974,11,0.6729
California,Mono County,0.362975,0.3781,0.09379461160784591,0.2419,0.4538,4,0.21189999999999998
Oklahoma,Grant County,0.36285,0.36285,0.15605846660787104,0.2525,0.4732,2,0.2207
Montana,Glacier County,0.3628,0.3617,0.3126918184624173,0.0417,0.6861,4,0.6444000000000001
Georgia,Butts County,0.3626,0.3796,0.139883397871227,0.1337,0.5006,5,0.3669
Montana,Big Horn County,0.36238000000000004,0.3745,0.15028708194651993,0.2047,0.5954,5,0.39070000000000005
Wisconsin,Sauk County,0.3622458333333333,0.3771,0.20898479865492745,0.0267,0.7235,24,0.6968000000000001
Louisiana,Allen Parish,0.36195714285714287,0.3196,0.1617826304762335,0.1814,0.6306,7,0.44920000000000004
Texas,Palo Pinto County,0.36187,0.3231,0.17307221389414945,0.1624,0.6703,10,0.5079
Wyoming,Carbon County,0.36168000000000006,0.3549,0.12356474820918789,0.1824,0.5218,5,0.33940000000000003
Illinois,Saline County,0.36163333333333336,0.3052,0.20551445204656535,0.1424,0.7506,9,0.6082000000000001
Louisiana,Grant Parish,0.3615142857142857,0.3507,0.10656843542330642,0.1827,0.4916,7,0.30889999999999995
Arkansas,Chicot County,0.36110000000000003,0.3179,0.23032629029270626,0.1532,0.6554,4,0.5022
North Carolina,Wilson County,0.361,0.3208,0.25299493077925495,0.0447,0.747,25,0.7023
Montana,Hill County,0.3609166666666666,0.42385,0.12727371160874765,0.1178,0.4467,6,0.32889999999999997
Illinois,Macoupin County,0.36089230769230773,0.3211,0.17269398494417063,0.1582,0.742,13,0.5838
Texas,Winkler County,0.36086666666666667,0.2866,0.1662454310149104,0.2447,0.5513,3,0.3066
West Virginia,Berkeley County,0.36083846153846155,0.3759,0.21370297532214766,0.0101,0.8375,26,0.8274
Tennessee,Tipton County,0.3607769230769231,0.3137,0.2280389811481294,0.0464,0.8093,13,0.7629
Georgia,Monroe County,0.36074,0.3757,0.11137689616792162,0.2131,0.4942,5,0.28109999999999996
North Carolina,Burke County,0.3603047619047619,0.3455,0.2558576195390524,0.0081,0.8143,21,0.8062
Pennsylvania,McKean County,0.3601916666666667,0.36005,0.138366781735642,0.1984,0.627,12,0.4286
Illinois,Union County,0.36016000000000004,0.358,0.19494759039290535,0.1142,0.5691,5,0.4549000000000001
Louisiana,Plaquemines Parish,0.3600777777777778,0.2766,0.3138175416455308,0.0365,0.7836,9,0.7471
Oregon,Tillamook County,0.35925,0.34809999999999997,0.14307011684252355,0.1551,0.6448,10,0.4897
Tennessee,Putnam County,0.35905000000000004,0.30005,0.19195226811708718,0.1085,0.6684,18,0.5599
Virginia,Halifax County,0.3588272727272727,0.3399,0.2049665489337667,0.054,0.6525,11,0.5984999999999999
Kentucky,Ballard County,0.3587666666666667,0.4043,0.11131834230410248,0.2319,0.4401,3,0.2082
Kentucky,Muhlenberg County,0.35863,0.43915,0.2536393504784128,0.0158,0.6873,10,0.6715
Missouri,Butler County,0.3585083333333334,0.30315000000000003,0.20366658340771,0.067,0.7155,12,0.6485000000000001
North Carolina,Cleveland County,0.3584,0.3501,0.2192894771360648,0.0252,0.7734,24,0.7482
North Carolina,Cabarrus County,0.35825319148936174,0.3059,0.23781025670924014,0.0252,0.8097,47,0.7845
Pennsylvania,Warren County,0.358,0.3339,0.2073779199111291,0.0511,0.6847,13,0.6335999999999999
Illinois,Shelby County,0.35795,0.3342,0.1818531467970791,0.1401,0.6503,6,0.5102
Michigan,Osceola County,0.35767142857142853,0.2611,0.15923457240065375,0.1976,0.5647,7,0.3671
New York,Putnam County,0.3576166666666667,0.2841,0.2407674896201126,0.067,0.7994,24,0.7323999999999999
West Virginia,Logan County,0.35683000000000004,0.3438,0.0769528578633265,0.2321,0.4896,10,0.25749999999999995
North Carolina,Caldwell County,0.3563736842105263,0.3222,0.23284855555609832,0.0123,0.7031,19,0.6908
South Dakota,Spink County,0.35633333333333334,0.3457,0.07144594693426165,0.2908,0.4325,3,0.1417
Idaho,Fremont County,0.35545,0.33875,0.2124441338328738,0.1659,0.5784,4,0.41250000000000003
Nebraska,Lincoln County,0.35543749999999996,0.36260000000000003,0.13435964463760264,0.1571,0.5104,8,0.35329999999999995
Florida,Osceola County,0.35510169491525423,0.3285,0.20520523745712818,0.0217,0.8156,59,0.7938999999999999
Idaho,Bonner County,0.35506875,0.29364999999999997,0.1894037230142709,0.1236,0.7042,16,0.5806
West Virginia,McDowell County,0.3546875,0.36925,0.0822732804656009,0.2375,0.4558,8,0.2183
Kentucky,Boyle County,0.3545714285714286,0.3428,0.2058914415761027,0.0115,0.6713,7,0.6598
Kansas,Barton County,0.35395,0.34685,0.1897819500675145,0.1392,0.7414,8,0.6022
Virginia,Roanoke County,0.3539318181818182,0.38895,0.18585760905638446,0.0112,0.6471,22,0.6359
Mississippi,Issaquena County,0.3536,0.3536,,0.3536,0.3536,1,0.0
Minnesota,Redwood County,0.35335,0.3573,0.13542043789620534,0.1839,0.5319,6,0.34800000000000003
Texas,Loving County,0.3533,0.3533,,0.3533,0.3533,1,0.0
Pennsylvania,Juniata County,0.35315,0.3472,0.2175361004523157,0.1166,0.5882,6,0.47159999999999996
North Dakota,McHenry County,0.35314999999999996,0.35314999999999996,0.07969093423972387,0.2968,0.4095,2,0.11269999999999997
Alabama,Bibb County,0.3528625,0.27765,0.23403064474245983,0.0866,0.7275,8,0.6409
Ohio,Medina County,0.3528547619047619,0.35209999999999997,0.1767602154254712,0.0694,0.6973,42,0.6279
Georgia,Coffee County,0.35264999999999996,0.33495,0.22159407401003223,0.043,0.6739,12,0.6309
Alabama,Escambia County,0.35256,0.35585,0.09663742316284908,0.2097,0.5077,10,0.29800000000000004
California,Humboldt County,0.3522228571428571,0.3462,0.1317378861173029,0.082,0.6289,35,0.5469
Texas,Lampasas County,0.3517666666666666,0.32685,0.14853687308768376,0.1672,0.6198,6,0.4526
Georgia,Laurens County,0.3517642857142857,0.3781,0.17147636575047015,0.0849,0.6043,14,0.5194
Illinois,Adams County,0.3517526315789474,0.3225,0.1833525637442219,0.0685,0.7242,19,0.6557
Washington,Ferry County,0.35169999999999996,0.3588,0.05082332141841969,0.2977,0.3986,3,0.10089999999999999
Texas,Clay County,0.3516666666666666,0.342,0.024194489730790646,0.3338,0.3792,3,0.045399999999999996
North Dakota,Bottineau County,0.3516333333333333,0.2646,0.16586489481904645,0.2474,0.5429,3,0.29550000000000004
Iowa,Guthrie County,0.3514,0.3083,0.11601823132594291,0.2631,0.4828,3,0.2197
New York,Oswego County,0.3513431818181818,0.2931,0.26412533088961304,0.0213,0.8668,44,0.8455
Arkansas,Nevada County,0.3513,0.3201,0.21044184469824437,0.1582,0.5756,3,0.4174
California,Calaveras County,0.35123571428571426,0.3534,0.1725538828091894,0.145,0.6636,14,0.5186
Minnesota,Stearns County,0.3507243243243243,0.3104,0.2298263878638799,0.0652,0.8671,37,0.8019
Virginia,Culpeper County,0.3505,0.3071,0.2619737052114624,0.0168,0.7636,10,0.7467999999999999
Nebraska,Furnas County,0.3503,0.3503,,0.3503,0.3503,1,0.0
Kentucky,Knox County,0.35018181818181815,0.295,0.16569966697722613,0.131,0.6672,11,0.5362
Minnesota,Beltrami County,0.35009285714285715,0.30285,0.25106457785348224,0.062,0.7794,14,0.7174
Wisconsin,Dunn County,0.34994444444444445,0.3468,0.18775399537101142,0.0606,0.7113,9,0.6507000000000001
Oklahoma,Woods County,0.349025,0.37934999999999997,0.21173509195848164,0.0876,0.5498,4,0.46219999999999994
Texas,Milam County,0.34845714285714285,0.3787,0.15547835709129915,0.1485,0.5732,7,0.4247000000000001
Nebraska,Butler County,0.3484333333333334,0.3271,0.0875710758945745,0.2735,0.4447,3,0.17119999999999996
North Dakota,LaMoure County,0.3484,0.3484,0.03648670990922584,0.3226,0.3742,2,0.05159999999999998
Tennessee,Rhea County,0.3483,0.33614999999999995,0.18371999346832124,0.1139,0.5668,6,0.45289999999999997
Pennsylvania,Franklin County,0.34826060606060605,0.3195,0.22510143816093492,0.0672,0.901,33,0.8338
Oklahoma,Kiowa County,0.34800000000000003,0.3021,0.11101094540629766,0.2673,0.4746,3,0.20730000000000004
Montana,Stillwater County,0.34800000000000003,0.1811,0.37032230556638085,0.0905,0.7724,3,0.6819
Iowa,Grundy County,0.347875,0.3379,0.09600067274069836,0.2464,0.4693,4,0.2229
Texas,Nacogdoches County,0.3477,0.3069,0.19743554011372927,0.0342,0.7012,17,0.667
Nebraska,Box Butte County,0.3476666666666666,0.2988,0.12922605516432562,0.25,0.4942,3,0.24419999999999997
Illinois,Coles County,0.3476153846153846,0.3683,0.2028734821103777,0.0332,0.5738,13,0.5406
Mississippi,Warren County,0.3475076923076923,0.317,0.2062801996538465,0.0297,0.7829,13,0.7532000000000001
Mississippi,Union County,0.3474166666666667,0.34345000000000003,0.17778046480608234,0.0895,0.5655,6,0.476
Virginia,Chesapeake city,0.34698196721311475,0.2568,0.266318239773519,0.0042,0.8915,61,0.8873
Michigan,Huron County,0.3465583333333333,0.38585,0.23917962614028407,0.0302,0.7391,12,0.7089
Washington,Stevens County,0.34634666666666664,0.371,0.19791237190327685,0.0827,0.7058,15,0.6231
Michigan,Grand Traverse County,0.3460695652173913,0.2788,0.2849272003269713,0.0188,0.8445,23,0.8257
Iowa,Emmet County,0.346025,0.3489,0.12379389793793015,0.2078,0.4785,4,0.27069999999999994
New York,Montgomery County,0.34596875,0.32494999999999996,0.1279313030171532,0.1845,0.6337,16,0.44920000000000004
Illinois,McLean County,0.34595744680851065,0.3658,0.12998109017097503,0.0837,0.6075,47,0.5238
Arkansas,Cross County,0.34595,0.3087,0.20331687337749418,0.0896,0.71,6,0.6204
Georgia,Habersham County,0.34593636363636365,0.3224,0.2538440122308473,0.0251,0.8453,11,0.8202
Missouri,Cooper County,0.34584000000000004,0.3001,0.1553901798699004,0.177,0.5135,5,0.33649999999999997
Oklahoma,Jefferson County,0.3458333333333334,0.3245,0.11025889230956991,0.2478,0.4652,3,0.2174
Nevada,Lander County,0.3456,0.3456,0.0496388960392956,0.3105,0.3807,2,0.07019999999999998
Iowa,Fayette County,0.3455285714285714,0.3102,0.14881670733137586,0.1583,0.6066,7,0.44830000000000003
Kansas,Morton County,0.3455,0.3455,,0.3455,0.3455,1,0.0
North Dakota,Williams County,0.34526249999999997,0.35585,0.09961689382687197,0.1778,0.4816,8,0.30379999999999996
Texas,Franklin County,0.3452,0.3335,0.11075853616463761,0.2377,0.4761,4,0.23840000000000003
Montana,Fallon County,0.3446,0.3446,,0.3446,0.3446,1,0.0
Utah,Emery County,0.3444,0.3521,0.12582682543877516,0.2149,0.4662,3,0.25129999999999997
North Dakota,Griggs County,0.3443,0.3443,,0.3443,0.3443,1,0.0
Iowa,Benton County,0.3440857142857143,0.3615,0.12939785454907962,0.1052,0.4924,7,0.3872
Iowa,Fremont County,0.3437333333333334,0.3795,0.1819065785872884,0.1466,0.5051,3,0.3585
Nebraska,Cedar County,0.3437,0.3437,0.08188296526140222,0.2858,0.4016,2,0.11580000000000001
Georgia,Decatur County,0.34368750000000003,0.3307,0.12486703142028437,0.1744,0.5035,8,0.32909999999999995
Indiana,Lawrence County,0.3436846153846154,0.2855,0.19520761531488234,0.0955,0.7325,13,0.637
North Carolina,Forsyth County,0.3432515789473684,0.3395,0.24900107445002645,0.0082,0.9263,95,0.9181
Nebraska,Fillmore County,0.34314999999999996,0.34314999999999996,0.023829498525986675,0.3263,0.36,2,0.03370000000000001
North Carolina,Lee County,0.34296875,0.39665,0.20354003609036397,0.0435,0.6693,16,0.6258
New York,Herkimer County,0.34289000000000003,0.34215,0.20858115901187443,0.0142,0.7076,20,0.6934
New Jersey,Sussex County,0.3427952380952381,0.30155,0.21848023849061848,0.069,0.7978,42,0.7287999999999999
Georgia,Terrell County,0.342725,0.34540000000000004,0.08600075096571347,0.2372,0.4429,4,0.20570000000000002
Utah,Rich County,0.3426,0.3426,,0.3426,0.3426,1,0.0
Illinois,Schuyler County,0.3418333333333334,0.3017,0.07160148974241617,0.2993,0.4245,3,0.12519999999999998
Arkansas,Washington County,0.3415537037037037,0.2639,0.27196338732010883,0.006,0.9078,54,0.9018
Oklahoma,Wagoner County,0.341028,0.2946,0.19008298740287097,0.0393,0.7235,25,0.6842
Indiana,Jefferson County,0.34067142857142857,0.3241,0.22049386774757637,0.0409,0.6886,7,0.6476999999999999
Alabama,Fayette County,0.34056000000000003,0.3499,0.12755254995491075,0.2194,0.5318,5,0.3124
Idaho,Idaho County,0.33971666666666667,0.28935,0.1944008170421788,0.0925,0.5786,6,0.4861
California,Inyo County,0.33935000000000004,0.29055,0.14349353643979929,0.2237,0.6034,6,0.37970000000000004
Georgia,Macon County,0.33885,0.3204,0.24162575055927568,0.1036,0.611,4,0.5074
West Virginia,Barbour County,0.33857499999999996,0.3748,0.12158147816724937,0.1682,0.4365,4,0.2683
Massachusetts,Plymouth County,0.33833454545454544,0.33440000000000003,0.1700487336712214,0.0375,0.8392,110,0.8017
Georgia,Fayette County,0.3382125,0.25945,0.23047321699060827,0.0661,0.9207,24,0.8545999999999999
Nebraska,Morrill County,0.3382,0.3382,,0.3382,0.3382,1,0.0
New Mexico,Union County,0.3381,0.3381,,0.3381,0.3381,1,0.0
Colorado,Otero County,0.3380571428571429,0.3096,0.19845252041015465,0.1577,0.6592,7,0.5015000000000001
Virginia,Wise County,0.33805454545454544,0.3303,0.15691445034563492,0.1755,0.6118,11,0.4363
Virginia,Amherst County,0.33788,0.29995,0.1377280960604787,0.1268,0.62,10,0.49319999999999997
Illinois,Mercer County,0.3372,0.33955,0.05039424570325466,0.2875,0.3822,4,0.0947
Missouri,Mercer County,0.33704999999999996,0.33704999999999996,0.251093617999343,0.1595,0.5146,2,0.35509999999999997
Tennessee,Humphreys County,0.33692,0.3783,0.15262179398762157,0.0707,0.4387,5,0.368
Arkansas,Craighead County,0.33686363636363637,0.31855,0.20425829013998203,0.0165,0.8491,22,0.8326
Michigan,Clinton County,0.33676521739130433,0.3241,0.2313121142303691,0.044,0.8408,23,0.7968
Pennsylvania,Fulton County,0.33646666666666664,0.3529,0.06766360419999316,0.2621,0.3944,3,0.13229999999999997
South Carolina,Chesterfield County,0.3364214285714286,0.24155000000000001,0.28562952114872225,0.033,0.8516,14,0.8186
Kansas,Pratt County,0.33626666666666666,0.3982,0.11005459251359452,0.2092,0.4014,3,0.19219999999999998
Nebraska,Wayne County,0.33625,0.33625,0.1334310496099015,0.2419,0.4306,2,0.18869999999999998
Arkansas,Desha County,0.33616,0.3071,0.09148225510993924,0.2234,0.4358,5,0.21240000000000003
Georgia,Carroll County,0.3361071428571428,0.31325000000000003,0.1986919874403995,0.0363,0.7401,28,0.7038
Virginia,King and Queen County,0.33605,0.33605,0.1881611144737403,0.203,0.4691,2,0.2661
Virginia,Buckingham County,0.336025,0.347,0.08853795325546365,0.2273,0.4228,4,0.1955
Mississippi,Prentiss County,0.335725,0.31975,0.16179566257650863,0.1215,0.6611,8,0.5396000000000001
Texas,Cherokee County,0.33559999999999995,0.2996,0.20993256426400728,0.0806,0.6675,14,0.5869
Idaho,Lincoln County,0.3354,0.3354,,0.3354,0.3354,1,0.0
Minnesota,Otter Tail County,0.33517647058823524,0.3293,0.19806992303670112,0.0745,0.6819,17,0.6073999999999999
Montana,Missoula County,0.33491034482758625,0.3607,0.14629916840118007,0.0707,0.633,29,0.5623
Alabama,Henry County,0.3344833333333333,0.34655,0.25228475512140375,0.0432,0.6717,6,0.6285
Alabama,Morgan County,0.33442258064516134,0.2504,0.26428582092080716,0.0458,0.9108,31,0.8650000000000001
North Dakota,Burleigh County,0.33442105263157895,0.3197,0.18193593371461333,0.1037,0.7238,19,0.6201
Indiana,LaGrange County,0.33424444444444446,0.3538,0.08223392108964389,0.1875,0.4517,9,0.2642
Texas,Crockett County,0.3342,0.3342,,0.3342,0.3342,1,0.0
Texas,Dallam County,0.33404999999999996,0.33404999999999996,0.04037579720575183,0.3055,0.3626,2,0.057099999999999984
Oregon,Deschutes County,0.3339333333333333,0.288,0.22352301996560772,0.0232,0.839,45,0.8158
Nebraska,Sheridan County,0.3339,0.3339,0.14707821048680192,0.2299,0.4379,2,0.20800000000000002
Texas,Baylor County,0.33340000000000003,0.33340000000000003,0.009475230867899772,0.3267,0.3401,2,0.013400000000000023
Virginia,Radford city,0.3333,0.2932,0.2116023156773101,0.1457,0.6011,4,0.45539999999999997
Arkansas,Grant County,0.33288,0.3073,0.17876367639987714,0.1706,0.6273,5,0.4567
Wisconsin,Barron County,0.3328083333333333,0.3022,0.17525874616138448,0.0272,0.6544,12,0.6272
Michigan,Delta County,0.33256363636363634,0.361,0.16437223167388873,0.0981,0.5543,11,0.4562
Kentucky,Shelby County,0.33240833333333336,0.30205000000000004,0.14752934659267153,0.1393,0.579,12,0.4397
Arkansas,White County,0.3317842105263158,0.2686,0.2443705480143671,0.0673,0.8136,19,0.7463
Minnesota,Kittson County,0.33165,0.33165,0.04857823586751581,0.2973,0.366,2,0.06869999999999998
New York,Wayne County,0.331588,0.341,0.10980092334159429,0.1194,0.5546,25,0.4352
Louisiana,Assumption Parish,0.3314,0.2923,0.19996633049924517,0.1031,0.6114,7,0.5083000000000001
Iowa,Howard County,0.33136666666666664,0.3578,0.14102043587130672,0.179,0.4573,3,0.2783
Ohio,Noble County,0.33125,0.34230000000000005,0.1317493959505444,0.1609,0.4795,4,0.3186
Georgia,Ben Hill County,0.331,0.29864999999999997,0.13774440097513949,0.1473,0.5009,6,0.3536
Nebraska,Sioux County,0.3309,0.3309,,0.3309,0.3309,1,0.0
South Dakota,Brookings County,0.3306857142857143,0.3312,0.1334658062148183,0.1039,0.5065,7,0.40259999999999996
Mississippi,Sunflower County,0.3305571428571428,0.2906,0.21656411565741032,0.0801,0.7243,7,0.6442000000000001
Texas,Grimes County,0.33037500000000003,0.26670000000000005,0.25101576928267166,0.0705,0.8265,8,0.756
Mississippi,Covington County,0.33022,0.3298,0.20171800117986494,0.0854,0.6425,5,0.5570999999999999
Idaho,Owyhee County,0.32993333333333336,0.2647,0.1308714763931902,0.2445,0.4806,3,0.23610000000000003
Illinois,Clinton County,0.3298888888888889,0.3931,0.18569394473463885,0.0838,0.5457,9,0.4619
Arkansas,Logan County,0.32944999999999997,0.31679999999999997,0.1078064701212316,0.2092,0.4878,6,0.2786
Tennessee,Crockett County,0.32936,0.3636,0.19333612699131014,0.1309,0.5543,5,0.4234
North Carolina,Davidson County,0.32917380952380954,0.29305000000000003,0.20620117936253282,0.0486,0.7942,42,0.7456
Mississippi,Pike County,0.3290545454545455,0.3172,0.162284530153902,0.0825,0.5252,11,0.4427
Montana,Flathead County,0.32858750000000003,0.28475,0.236122752042784,0.0219,0.8022,32,0.7803
Arkansas,Saline County,0.32839333333333337,0.32294999999999996,0.18958446745145177,0.0116,0.7331,30,0.7215
South Carolina,Barnwell County,0.32815,0.25865,0.2618708460291065,0.0337,0.7698,8,0.7361000000000001
Montana,Carbon County,0.32808000000000004,0.3531,0.16037291541903204,0.1535,0.5101,5,0.35660000000000003
Texas,Jack County,0.3280666666666667,0.3,0.13412089074164893,0.2102,0.474,3,0.2638
Illinois,Kendall County,0.3275571428571429,0.2875,0.21476753612086857,0.0593,0.8277,21,0.7684
North Dakota,Cavalier County,0.3274,0.3274,0.05006316010800757,0.292,0.3628,2,0.07080000000000003
Virginia,Richmond County,0.32735000000000003,0.32735000000000003,0.06512453454728105,0.2813,0.3734,2,0.09210000000000002
Virginia,Washington County,0.3273066666666667,0.3898,0.19330928019503824,0.0073,0.6983,15,0.6910000000000001
Kansas,Pawnee County,0.32730000000000004,0.32730000000000004,0.001697056274847743,0.3261,0.3285,2,0.0024000000000000132
Michigan,Tuscola County,0.32719230769230767,0.2627,0.14346366242326813,0.1568,0.6167,13,0.45990000000000003
Alabama,St. Clair County,0.3270125,0.28625,0.20940147898755135,0.0543,0.8832,24,0.8289
Maryland,Talbot County,0.32692,0.3514,0.18175568338966583,0.0484,0.5816,10,0.5332
Texas,Parker County,0.3268862068965517,0.3414,0.14688830237423348,0.0827,0.5883,29,0.5056
Virginia,Chesterfield County,0.32633733333333337,0.2396,0.2572539799672865,0.018,0.9475,75,0.9295
Texas,Runnels County,0.326225,0.3214,0.14393960249586166,0.1753,0.4868,4,0.3115
Kansas,Stafford County,0.32555,0.32555,0.19042385617353727,0.1909,0.4602,2,0.2693
Texas,Brooks County,0.3254,0.3254,0.0350724963468528,0.3006,0.3502,2,0.04960000000000003
Alabama,Pike County,0.32528181818181817,0.3209,0.15963317210518507,0.0719,0.6196,11,0.5477000000000001
Oklahoma,Marshall County,0.32526666666666665,0.32055,0.27197820991150495,0.0247,0.694,6,0.6693
West Virginia,Grant County,0.3245,0.2737,0.21700629023141246,0.1374,0.5624,3,0.42500000000000004
Missouri,Perry County,0.32448,0.2415,0.16786490699368944,0.1872,0.5956,5,0.4084
Illinois,Jersey County,0.3244166666666667,0.27475000000000005,0.19998083324825575,0.0502,0.5701,6,0.5199
Illinois,Johnson County,0.32430000000000003,0.30935,0.08736364613880687,0.2493,0.4292,4,0.17990000000000003
Arkansas,Independence County,0.32422,0.3484,0.15335811973576385,0.0366,0.5313,10,0.4947
South Dakota,Codington County,0.32406250000000003,0.31720000000000004,0.15006354784842704,0.0501,0.534,8,0.48390000000000005
North Dakota,Foster County,0.3239,0.3239,,0.3239,0.3239,1,0.0
Iowa,Cedar County,0.32376,0.3042,0.14350436578724704,0.2023,0.5607,5,0.35839999999999994
Georgia,Upson County,0.32353750000000003,0.35624999999999996,0.15485991769061117,0.092,0.5704,8,0.47840000000000005
Texas,Rockwall County,0.3231275862068965,0.3029,0.1898261947462011,0.0612,0.859,29,0.7978
Georgia,Thomas County,0.32293571428571427,0.32194999999999996,0.1488349607768637,0.0898,0.5874,14,0.49760000000000004
Georgia,Seminole County,0.32293333333333335,0.3851,0.16148864769182178,0.1396,0.4441,3,0.3045
Kentucky,Trimble County,0.32275,0.32275,0.14149206691542815,0.2227,0.4228,2,0.2001
Mississippi,Neshoba County,0.322725,0.35929999999999995,0.2133450843117788,0.016,0.6174,8,0.6013999999999999
Texas,Moore County,0.3225,0.32135,0.05424396740652366,0.2576,0.394,6,0.13640000000000002
Arkansas,Lonoke County,0.32232222222222223,0.30155,0.18990420667383412,0.0208,0.7653,18,0.7444999999999999
Missouri,Clark County,0.3223,0.3261,0.19892722287308992,0.1215,0.5193,3,0.3978
Iowa,Marshall County,0.32225454545454546,0.2926,0.1732884783454247,0.0486,0.5167,11,0.46810000000000007
Tennessee,Monroe County,0.32209166666666667,0.3339,0.16070724630567074,0.0623,0.5642,12,0.5019
Iowa,Crawford County,0.32208333333333333,0.3187,0.13560599421362857,0.1821,0.4837,6,0.3016
Michigan,Charlevoix County,0.3220769230769231,0.3304,0.1340024511830919,0.0479,0.5347,13,0.48679999999999995
Georgia,Heard County,0.32180000000000003,0.4004,0.1452389754852326,0.1542,0.4108,3,0.2566
Iowa,Bremer County,0.3216875,0.33985,0.10192224539884732,0.1536,0.4708,8,0.31720000000000004
Nevada,White Pine County,0.3216333333333334,0.2579,0.164063107776652,0.199,0.508,3,0.309
Oklahoma,McClain County,0.3216,0.1996,0.21455483564813915,0.0847,0.6071,9,0.5224
Texas,McMullen County,0.3215,0.3215,,0.3215,0.3215,1,0.0
Georgia,Dooly County,0.3212,0.3308,0.13395823976150179,0.1827,0.4501,3,0.26739999999999997
Missouri,Daviess County,0.32105,0.32105,0.09227743494484442,0.2558,0.3863,2,0.13049999999999995
Kansas,Norton County,0.3209,0.3209,,0.3209,0.3209,1,0.0
Maine,Androscoggin County,0.320240625,0.34804999999999997,0.1634149277726843,0.0172,0.6004,32,0.5832
Mississippi,Clarke County,0.32024,0.3622,0.10986415703039823,0.1938,0.4277,5,0.23390000000000002
South Dakota,Sully County,0.3201,0.3201,,0.3201,0.3201,1,0.0
Iowa,Sac County,0.320075,0.32795,0.13518940725268874,0.1791,0.4453,4,0.2662
Texas,Karnes County,0.32,0.3526,0.1897734438745316,0.0919,0.5799,5,0.488
Georgia,Jackson County,0.3199470588235294,0.2352,0.227119674174341,0.0546,0.763,17,0.7084
Missouri,Nodaway County,0.3199,0.32994999999999997,0.23906277836585105,0.0241,0.6316,6,0.6075
Colorado,Montrose County,0.31973333333333337,0.35509999999999997,0.17422766366992007,0.0803,0.6172,12,0.5368999999999999
Louisiana,St. Martin Parish,0.3196823529411765,0.2629,0.1809872206652106,0.0887,0.6824,17,0.5937
Missouri,Macon County,0.31968,0.1616,0.22595910470702438,0.1443,0.5762,5,0.43190000000000006
Kentucky,Clark County,0.31940999999999997,0.2978,0.20939713173245178,0.0464,0.6777,10,0.6313
Texas,Bosque County,0.31915714285714286,0.3391,0.1519097523437612,0.0494,0.5613,7,0.5119
Arkansas,Benton County,0.3189421052631579,0.2462,0.2561748077467028,0.0017,0.8896,57,0.8878999999999999
Iowa,Palo Alto County,0.3185,0.2813,0.14475093551799012,0.1891,0.5223,4,0.3332
Iowa,Buena Vista County,0.3183333333333333,0.32389999999999997,0.0870762347984033,0.1958,0.4508,6,0.255
South Carolina,Marlboro County,0.318025,0.29885,0.17119609266235356,0.1297,0.6531,8,0.5234
Oklahoma,Latimer County,0.31783333333333336,0.3427,0.07735795585027655,0.2311,0.3797,3,0.14859999999999998
Tennessee,Moore County,0.3177,0.3177,0.12190520907656076,0.2315,0.4039,2,0.17239999999999997
Minnesota,Dodge County,0.31768,0.3039,0.14894496298968957,0.1332,0.5497,5,0.4165
Kentucky,Scott County,0.3176157894736842,0.3698,0.2297674168544209,0.0024,0.6572,19,0.6548
North Dakota,Golden Valley County,0.3176,0.3176,,0.3176,0.3176,1,0.0
Maryland,Garrett County,0.31753333333333333,0.3195,0.20643184710698106,0.0677,0.6226,9,0.5549000000000001
Iowa,Monona County,0.317375,0.3375,0.1601584918135782,0.1056,0.4889,4,0.3833
Arizona,Greenlee County,0.31736666666666663,0.3682,0.1730434723800159,0.1246,0.4593,3,0.3347
Colorado,Prowers County,0.31728,0.3163,0.09803094919462933,0.2026,0.4627,5,0.2601
Georgia,Walker County,0.31692777777777775,0.2811,0.1694800311178648,0.015,0.6177,18,0.6027
Alabama,Lee County,0.31665625000000003,0.30965,0.17332189939869172,0.0184,0.6667,48,0.6483
Texas,Nolan County,0.31646,0.3011,0.12534092707491837,0.1761,0.5203,5,0.34419999999999995
North Dakota,Ransom County,0.3159666666666667,0.3409,0.0889603469717454,0.2172,0.3898,3,0.17259999999999998
Oklahoma,Coal County,0.31565,0.31565,0.2297389932075093,0.1532,0.4781,2,0.3249
Arkansas,Jackson County,0.3154,0.2722,0.25569462254807,0.0301,0.6457,6,0.6156
Louisiana,Jackson Parish,0.31522,0.3065,0.07421311878637091,0.2112,0.39,5,0.17880000000000001
Indiana,Parke County,0.3149,0.2605,0.19554826769879602,0.1441,0.6473,5,0.5032
Iowa,Winneshiek County,0.3149,0.3806,0.1524734075175078,0.0874,0.4652,5,0.3778
Idaho,Jefferson County,0.31485,0.3315,0.08359329518567861,0.1683,0.3998,6,0.23149999999999998
Louisiana,East Carroll Parish,0.3148,0.3163,0.08176032044946989,0.2323,0.3958,3,0.16349999999999998
Ohio,Gallia County,0.31475000000000003,0.2865,0.19101026898348386,0.0594,0.5757,8,0.5163
Wisconsin,Jackson County,0.3147,0.3102,0.152,0.1556,0.5473,5,0.39170000000000005
Missouri,Linn County,0.31462,0.3987,0.18096125828475002,0.0903,0.5007,5,0.41040000000000004
Minnesota,Scott County,0.314553125,0.26880000000000004,0.19200549552682084,0.0388,0.8293,32,0.7905
Pennsylvania,Huntingdon County,0.31405384615384613,0.2867,0.20229445788826664,0.0464,0.6545,13,0.6081
Texas,Hill County,0.31378333333333336,0.27675,0.2746294125588595,0.0007,0.7286,12,0.7279
Mississippi,Yazoo County,0.3134428571428571,0.3537,0.13050517048687965,0.0718,0.4693,7,0.39749999999999996
Alabama,Lauderdale County,0.3132653846153846,0.2777,0.2511207899673903,0.015,0.7689,26,0.7539
Louisiana,Acadia Parish,0.31305714285714287,0.3577,0.2150498629886301,0.0293,0.7024,21,0.6731
Massachusetts,Berkshire County,0.3129075,0.3124,0.1953704769806355,0.021,0.6656,40,0.6446
Texas,Upton County,0.31289999999999996,0.31289999999999996,0.00664680374315358,0.3082,0.3176,2,0.00940000000000002
Michigan,Sanilac County,0.3128916666666667,0.29800000000000004,0.18440739217254495,0.0742,0.6623,12,0.5881
Georgia,Effingham County,0.31279999999999997,0.30445,0.2118394989923582,0.0471,0.7333,16,0.6861999999999999
South Dakota,Hutchinson County,0.31229999999999997,0.2966,0.14578542451150595,0.175,0.4653,3,0.2903
Texas,Comanche County,0.31223999999999996,0.2756,0.18227962859299446,0.1455,0.6178,5,0.47230000000000005
Kentucky,Marshall County,0.31216999999999995,0.1859,0.3426646532042013,0.0032,0.8964,10,0.8932
Texas,Uvalde County,0.31211666666666665,0.3035,0.08837321803955464,0.1999,0.4467,6,0.2468
Georgia,Colquitt County,0.31199333333333334,0.3141,0.1766011546098264,0.0495,0.5919,15,0.5424
Montana,Sanders County,0.311575,0.35509999999999997,0.1932061312864234,0.0598,0.4763,4,0.4165
Georgia,Oconee County,0.3114363636363636,0.261,0.15043856734712194,0.0842,0.5445,11,0.4603
Wyoming,Big Horn County,0.3113666666666666,0.2928,0.1903304056984415,0.131,0.5103,3,0.37929999999999997
Iowa,Jackson County,0.311,0.27949999999999997,0.0690010144852958,0.2559,0.4264,6,0.17049999999999998
Texas,Montague County,0.31079999999999997,0.2844,0.0821025665163485,0.233,0.4679,8,0.23489999999999997
Michigan,Lake County,0.310425,0.3398,0.2175294979996966,0.0571,0.505,4,0.4479
Kentucky,Meade County,0.3102666666666667,0.3206,0.22092304089886144,0.0542,0.7205,9,0.6663
Missouri,Lafayette County,0.3101,0.2645,0.15827723417201495,0.0787,0.5651,8,0.48640000000000005
Minnesota,Todd County,0.3100625,0.34704999999999997,0.1606371860302411,0.0418,0.4873,8,0.4455
Wisconsin,Portage County,0.30957333333333337,0.3057,0.14660936174876743,0.1077,0.6473,15,0.5396
Colorado,Lake County,0.30956666666666666,0.414,0.1974779565757488,0.0818,0.4329,3,0.3511
Oregon,Union County,0.309475,0.2946,0.12682569309320343,0.1779,0.5829,8,0.40499999999999997
South Carolina,McCormick County,0.3093666666666667,0.254,0.2349938367986134,0.107,0.5671,3,0.46010000000000006
Mississippi,Tate County,0.30933333333333335,0.2884,0.1758321775633421,0.0527,0.5986,6,0.5459
Idaho,Clark County,0.3091,0.3091,,0.3091,0.3091,1,0.0
New Mexico,Socorro County,0.3088666666666667,0.3178,0.1655054037385688,0.0291,0.5258,6,0.49670000000000003
Maine,Cumberland County,0.3087025,0.17099999999999999,0.2857210297284992,0.0007,0.8771,80,0.8764
Wisconsin,Calumet County,0.3085,0.2322,0.2159389450747595,0.0309,0.6365,11,0.6055999999999999
Arkansas,Arkansas County,0.30834999999999996,0.3239,0.21977916188756383,0.0612,0.567,8,0.5057999999999999
Tennessee,Henry County,0.3082833333333333,0.31605,0.1989895284286146,0.0111,0.6305,12,0.6194
Georgia,Wilkes County,0.3079,0.3438,0.1368167387420121,0.127,0.417,4,0.29
Alabama,Dale County,0.30777142857142853,0.27825,0.17198707209273892,0.0483,0.6567,14,0.6083999999999999
Kentucky,Pike County,0.30760454545454546,0.3059,0.1390052533343451,0.1059,0.6931,22,0.5872
Montana,Musselshell County,0.3074,0.3074,0.1151169839771699,0.226,0.3888,2,0.16279999999999997
Oklahoma,Woodward County,0.30714,0.2871,0.17088186855251788,0.1227,0.5461,5,0.4234
Alabama,Chilton County,0.30710833333333337,0.2081,0.19937183378316156,0.108,0.6644,12,0.5564
North Carolina,Alamance County,0.3071054054054054,0.2886,0.17895874904250658,0.0155,0.6107,37,0.5952000000000001
Georgia,Stephens County,0.3067125,0.29995000000000005,0.14561787996082662,0.032,0.5071,8,0.47509999999999997
Idaho,Lewis County,0.30643333333333334,0.4009,0.23069341848724972,0.0435,0.4749,3,0.4314
Tennessee,Giles County,0.3061666666666667,0.3123,0.1804939749686953,0.0692,0.5815,9,0.5123
Indiana,Switzerland County,0.3057,0.3195,0.02789032090170349,0.2736,0.324,3,0.0504
Iowa,Shelby County,0.30562500000000004,0.29745,0.10053040584818108,0.2052,0.4224,4,0.2172
Tennessee,Campbell County,0.3056076923076923,0.2895,0.20809043090900994,0.0399,0.7183,13,0.6784
South Carolina,Fairfield County,0.304925,0.27645,0.16211737150243075,0.0779,0.5407,8,0.4628
South Dakota,Edmunds County,0.3049,0.3049,0.13024906909456208,0.2128,0.397,2,0.18420000000000003
Virginia,Rockingham County,0.30481363636363634,0.28125,0.21998023351775983,0.0108,0.6822,22,0.6714
Iowa,Butler County,0.30464,0.2687,0.13986233588782934,0.1624,0.4678,5,0.3054
Minnesota,Yellow Medicine County,0.3045,0.276,0.10727727314456373,0.2204,0.4456,4,0.22519999999999998
Illinois,Woodford County,0.30446666666666666,0.2861,0.1606969196966762,0.0998,0.6196,9,0.5198
Texas,Navarro County,0.3043416666666667,0.22525,0.21540380877164947,0.0697,0.7502,12,0.6805
New Hampshire,Strafford County,0.3040233333333333,0.29574999999999996,0.18729998008603707,0.0313,0.7055,30,0.6742
Texas,Falls County,0.30373333333333336,0.28885,0.1439976897962834,0.087,0.5144,6,0.4274
West Virginia,Braxton County,0.3035,0.2107,0.23187309028863182,0.1324,0.5674,3,0.43500000000000005
Minnesota,Sibley County,0.3034,0.25525,0.1509734413729779,0.1807,0.5224,4,0.3417
Arkansas,Garland County,0.303,0.31685,0.2232171897348039,0.0056,0.7484,30,0.7427999999999999
Texas,Hartley County,0.303,0.303,,0.303,0.303,1,0.0
Indiana,Martin County,0.3029,0.2772,0.13509600290164028,0.1825,0.449,3,0.2665
Washington,Skamania County,0.30252,0.3906,0.1726263218631504,0.0743,0.4438,5,0.36949999999999994
Kentucky,Whitley County,0.30249166666666666,0.24225000000000002,0.1903220880427957,0.0136,0.6308,12,0.6172000000000001
Wisconsin,Buffalo County,0.3023,0.2508,0.11087801856093929,0.1951,0.4301,5,0.235
Montana,Jefferson County,0.3023,0.2914,0.14395982078343944,0.1641,0.4514,3,0.2873
Kentucky,Gallatin County,0.3021666666666667,0.1998,0.2797674450920502,0.088,0.6187,3,0.5307000000000001
Wyoming,Sweetwater County,0.3021076923076923,0.3264,0.17477580620868963,0.0441,0.5737,13,0.5296
Kentucky,Nelson County,0.3020818181818182,0.2483,0.20795643206297718,0.0272,0.568,11,0.5408
Alabama,Washington County,0.30202,0.2361,0.2959361535872223,0.0311,0.7446,5,0.7135
Texas,Deaf Smith County,0.30195,0.32430000000000003,0.11196527735567546,0.1523,0.4069,4,0.2546
Georgia,Early County,0.30164,0.281,0.10273004915797518,0.1874,0.4109,5,0.22349999999999998
Nebraska,Burt County,0.3009,0.3145,0.03456833811452322,0.2616,0.3266,3,0.065
Alabama,Houston County,0.30086153846153846,0.32235,0.1927678232007055,0.0514,0.7493,26,0.6979
Minnesota,Goodhue County,0.3008363636363636,0.2408,0.16550857544385592,0.1232,0.6129,11,0.4897
Nebraska,Custer County,0.30032499999999995,0.3121,0.04710324652646919,0.2337,0.3434,4,0.10969999999999999
Alabama,Madison County,0.30015473684210525,0.2783,0.19047723199420633,0.0376,0.8486,95,0.811
Wisconsin,Marinette County,0.29996666666666666,0.19090000000000001,0.28161677485332415,0.0397,0.7566,12,0.7169000000000001
New York,Ulster County,0.29965800000000004,0.26175000000000004,0.22694754683919038,0.0114,0.8566,50,0.8452000000000001
Georgia,Lamar County,0.29917499999999997,0.32315,0.11887308007562798,0.1475,0.4029,4,0.25539999999999996
Utah,Uintah County,0.2989625,0.31205,0.15462138955249,0.0658,0.5578,8,0.492
Georgia,Greene County,0.298875,0.2935,0.18563198423609162,0.0598,0.596,8,0.5362
New Mexico,San Juan County,0.29886111111111113,0.29725,0.16328843765868992,0.0375,0.6002,36,0.5627
Minnesota,Wadena County,0.29883333333333334,0.2431,0.1236126746467907,0.2129,0.4405,3,0.2276
Ohio,Delaware County,0.2984425,0.23545,0.252283882517701,0.0153,0.9058,40,0.8905000000000001
North Dakota,Steele County,0.2982,0.2982,,0.2982,0.2982,1,0.0
Georgia,Burke County,0.29815714285714284,0.2614,0.14387583602007736,0.1674,0.5753,7,0.40790000000000004
Missouri,Phelps County,0.2980416666666667,0.2283,0.17254345675712243,0.121,0.5735,12,0.4525
Florida,Madison County,0.29802,0.2916,0.14481060734628523,0.1114,0.4708,5,0.3594
Oklahoma,Pottawatomie County,0.29794,0.2569,0.21736115326195804,0.025,0.6609,20,0.6359
Oklahoma,Haskell County,0.297925,0.2864,0.12064895012666571,0.163,0.4559,4,0.29290000000000005
Oklahoma,Payne County,0.29786521739130434,0.2735,0.2071148179780649,0.0015,0.7228,23,0.7213
Colorado,Clear Creek County,0.2976,0.34109999999999996,0.17712622617783055,0.0468,0.4614,4,0.41459999999999997
Montana,Broadwater County,0.29755,0.29755,0.09708576105691298,0.2289,0.3662,2,0.13730000000000003
Maryland,Carroll County,0.29747027027027023,0.2832,0.13739616253913528,0.0317,0.5844,37,0.5527000000000001
Tennessee,Unicoi County,0.29685,0.26415,0.09919779903472321,0.2177,0.4414,4,0.2237
Ohio,Fairfield County,0.2966361111111111,0.2757,0.2033373666071491,0.0434,0.79,36,0.7466
North Dakota,Nelson County,0.2964,0.2964,,0.2964,0.2964,1,0.0
Kansas,Ellsworth County,0.29625,0.29625,0.12423866145447639,0.2084,0.3841,2,0.1757
Iowa,Warren County,0.29612857142857146,0.32530000000000003,0.07635226487569542,0.1736,0.4225,14,0.24889999999999998
Tennessee,Carter County,0.2960777777777778,0.2908,0.21892840235902955,0.0033,0.6242,18,0.6209
Georgia,Taliaferro County,0.296,0.296,,0.296,0.296,1,0.0
Oklahoma,Hughes County,0.29584,0.2629,0.12128457445198873,0.135,0.4483,5,0.31329999999999997
Tennessee,Weakley County,0.29565454545454545,0.2495,0.18459738006611234,0.0711,0.6813,11,0.6102000000000001
Virginia,Amelia County,0.2955666666666667,0.3032,0.018753755179518956,0.2742,0.3093,3,0.03510000000000002
North Dakota,Divide County,0.2954,0.2954,,0.2954,0.2954,1,0.0
New York,Cayuga County,0.29536666666666667,0.3115,0.14137100639549596,0.0685,0.5883,24,0.5198
Ohio,Carroll County,0.2952857142857143,0.2942,0.09863894478638459,0.179,0.4596,7,0.2806
Missouri,Mississippi County,0.295275,0.24525000000000002,0.2155385251720289,0.1007,0.5899,4,0.48919999999999997
Mississippi,Panola County,0.2948545454545455,0.2546,0.18029818836381226,0.0718,0.6811,11,0.6093000000000001
New Hampshire,Coos County,0.29474545454545453,0.2688,0.16161454986254403,0.0229,0.5654,11,0.5425
Iowa,Taylor County,0.29423333333333335,0.3238,0.06482162704941409,0.2199,0.339,3,0.11910000000000001
South Carolina,Calhoun County,0.294225,0.31865,0.12308209658597795,0.1366,0.403,4,0.2664
North Carolina,Person County,0.29415714285714284,0.2571,0.15116190941220234,0.1534,0.5774,7,0.42400000000000004
South Carolina,Dorchester County,0.2937161290322581,0.254,0.18378149362177212,0.0268,0.6565,31,0.6296999999999999
Pennsylvania,Elk County,0.29363333333333336,0.278,0.12610533295622353,0.0971,0.4596,9,0.3625
North Dakota,Grant County,0.2935,0.2935,,0.2935,0.2935,1,0.0
Texas,Scurry County,0.293475,0.27585000000000004,0.08748189812755551,0.2169,0.4053,4,0.18839999999999998
Texas,Fayette County,0.2929555555555556,0.3216,0.13486425685769293,0.0897,0.4918,9,0.4021
Georgia,Wilcox County,0.292925,0.29165,0.14685222447526403,0.1563,0.4321,4,0.2758
New York,Madison County,0.2927947368421053,0.2642,0.19470474933910745,0.0308,0.6204,19,0.5895999999999999
Oklahoma,Lincoln County,0.2926875,0.2875,0.20290375929418925,0.0366,0.5853,8,0.5487000000000001
Texas,Gaines County,0.292375,0.28245,0.13939917204440874,0.1347,0.4699,4,0.3352
Arkansas,Crawford County,0.2923266666666667,0.2505,0.22773251372942735,0.0338,0.7581,15,0.7242999999999999
Arizona,Santa Cruz County,0.29217857142857145,0.27835,0.1920518486826346,0.0104,0.5971,14,0.5867
New York,Ontario County,0.29213,0.26835,0.20907000201748152,0.014,0.7925,40,0.7785
Texas,Mitchell County,0.292,0.292,0.12034957415795038,0.2069,0.3771,2,0.1702
Montana,Blaine County,0.29155,0.3389,0.16845257492837562,0.0498,0.4386,4,0.3888
Minnesota,Douglas County,0.29149090909090913,0.2761,0.1562782675521165,0.0498,0.5727,11,0.5229
Texas,Hockley County,0.2911428571428572,0.2519,0.21695328880616105,0.0622,0.5503,7,0.48810000000000003
Wisconsin,Waupaca County,0.29081666666666667,0.22660000000000002,0.20616330611405803,0.0146,0.6487,12,0.6341000000000001
Mississippi,Montgomery County,0.29050000000000004,0.29185,0.14341322579641438,0.1253,0.453,4,0.3277
Tennessee,Marion County,0.29041428571428574,0.2017,0.22130963549268423,0.0176,0.5361,7,0.5185000000000001
Kentucky,Pulaski County,0.29032857142857144,0.1561,0.2816387262839703,0.0168,0.8535,21,0.8367
Alabama,Butler County,0.29021111111111114,0.2805,0.2194561257087874,0.0196,0.6576,9,0.638
Virginia,Albemarle County,0.29008275862068966,0.2904,0.1179827592397826,0.038,0.4738,29,0.4358
Kentucky,Perry County,0.29,0.28300000000000003,0.05356976759329836,0.2168,0.3775,10,0.1607
Minnesota,St. Louis County,0.2899189189189189,0.28959999999999997,0.19287711516657347,0.0067,0.7399,74,0.7332
Mississippi,Rankin County,0.28986756756756754,0.2069,0.2365077025455268,0.0219,0.9229,37,0.901
Virginia,Manassas city,0.2895857142857143,0.2409,0.15839906805882653,0.113,0.5816,7,0.4686
New Mexico,Chaves County,0.2894294117647059,0.3115,0.20170549002414973,0.0538,0.7933,17,0.7395
Kentucky,Madison County,0.28942258064516124,0.2694,0.19556417822917269,0.0178,0.6921,31,0.6743
New Jersey,Atlantic County,0.2893890410958904,0.2327,0.19895225666925706,0.0087,0.7989,73,0.7902
Texas,Hardeman County,0.2891,0.2891,,0.2891,0.2891,1,0.0
New Hampshire,Sullivan County,0.2889090909090909,0.2658,0.2381710874751403,0.0183,0.7317,11,0.7134
South Carolina,Pickens County,0.2886108108108108,0.2541,0.21872160105661434,0.0163,0.8068,37,0.7905
Montana,Powell County,0.28845,0.28845,0.12367297602952719,0.201,0.3759,2,0.1749
Missouri,Gentry County,0.28835,0.28835,0.15704841610153217,0.1773,0.3994,2,0.22209999999999996
Georgia,Glascock County,0.2883,0.2883,,0.2883,0.2883,1,0.0
Texas,Freestone County,0.28818750000000004,0.1876,0.2219969139907773,0.0979,0.7092,8,0.6113000000000001
Alabama,Franklin County,0.2873636363636364,0.2264,0.16512851524026534,0.1087,0.5809,11,0.47219999999999995
Arkansas,Lee County,0.2873,0.292,0.1226213140798396,0.145,0.4202,4,0.2752
Arkansas,Lawrence County,0.28725,0.2183,0.22979230404867784,0.0261,0.6519,6,0.6258
Virginia,Stafford County,0.286821875,0.20725,0.201364876224768,0.0401,0.7278,32,0.6877
North Dakota,McKenzie County,0.28681999999999996,0.2748,0.09723701455721481,0.1682,0.3869,5,0.21870000000000003
Virginia,Buchanan County,0.2867285714285714,0.2741,0.10670861749464777,0.1675,0.4646,7,0.29710000000000003
Nebraska,Antelope County,0.28663333333333335,0.2584,0.10348015912885586,0.2002,0.4013,3,0.2011
Oklahoma,Johnston County,0.28654999999999997,0.25605,0.1787471305130985,0.113,0.5211,4,0.4081
Nebraska,Dixon County,0.28645,0.28645,0.1881611144737403,0.1534,0.4195,2,0.2661
Michigan,Otsego County,0.2864,0.2956,0.13636679947846544,0.1278,0.4552,6,0.3274
Mississippi,Scott County,0.286225,0.25639999999999996,0.1845772138080507,0.0226,0.5877,8,0.5651
Kentucky,Webster County,0.28615,0.21050000000000002,0.2619526229429029,0.0634,0.6602,4,0.5968
Tennessee,Warren County,0.28613,0.2873,0.2273977770339895,0.0206,0.6905,10,0.6699
Georgia,Toombs County,0.28604444444444443,0.1989,0.20997036166511163,0.1105,0.6473,9,0.5367999999999999
Ohio,Geauga County,0.2859,0.2754,0.13806508610072282,0.0994,0.5702,21,0.47080000000000005
Kentucky,Mason County,0.2858,0.3049,0.18462247967135528,0.0517,0.5563,5,0.5046
Nebraska,Frontier County,0.2858,0.2858,,0.2858,0.2858,1,0.0
Tennessee,Lincoln County,0.2857777777777778,0.218,0.20540579213947313,0.0729,0.6325,9,0.5596
Texas,Sabine County,0.28540000000000004,0.0971,0.35564064728318107,0.0635,0.6956,3,0.6321
South Carolina,Anderson County,0.28524509803921566,0.285,0.1716369625852491,0.0237,0.6866,51,0.6629
Illinois,Pulaski County,0.2852,0.2852,0.07778174593052024,0.2302,0.3402,2,0.11000000000000001
Oklahoma,Murray County,0.28516,0.2496,0.09496561482978985,0.1786,0.405,5,0.22640000000000002
North Carolina,Stanly County,0.28471176470588233,0.2723,0.1577380339453398,0.1075,0.7343,17,0.6267999999999999
North Dakota,Grand Forks County,0.28451818181818184,0.31975,0.1626981857725514,0.0062,0.491,22,0.4848
Kansas,Sheridan County,0.2845,0.2845,,0.2845,0.2845,1,0.0
Florida,Suwannee County,0.28443636363636365,0.2669,0.23682807803437192,0.0376,0.774,11,0.7364
Florida,Volusia County,0.28435581395348836,0.2745,0.21702455682874944,0.0003,0.857,129,0.8567
Missouri,Moniteau County,0.284075,0.2619,0.16258157695958872,0.1127,0.4998,4,0.3871
West Virginia,Wyoming County,0.28404999999999997,0.2522,0.15189569776659245,0.135,0.5302,6,0.3952
South Dakota,Meade County,0.2840142857142857,0.347,0.20920469584095083,0.0336,0.5183,7,0.48469999999999996
Ohio,Morrow County,0.28375555555555554,0.2361,0.1429150456662201,0.0801,0.5291,9,0.449
North Dakota,Dunn County,0.2835,0.2835,,0.2835,0.2835,1,0.0
Pennsylvania,Monroe County,0.2823,0.1532,0.28823324305152587,0.0012,0.9032,51,0.902
Kentucky,Harlan County,0.28213636363636363,0.2114,0.1604196326683693,0.1627,0.677,11,0.5143
Nebraska,Buffalo County,0.28207272727272725,0.2127,0.22548913096160128,0.038,0.8069,11,0.7688999999999999
Georgia,Telfair County,0.28184,0.2583,0.08874946760403692,0.1577,0.3766,5,0.21889999999999998
Minnesota,Wabasha County,0.28163333333333335,0.24145,0.14763929919457985,0.148,0.5435,6,0.39549999999999996
Georgia,Irwin County,0.28163333333333335,0.2442,0.08175232922267925,0.2253,0.3754,3,0.1501
Virginia,Tazewell County,0.2815615384615385,0.2839,0.18653790740071008,0.0263,0.703,13,0.6767
New York,Fulton County,0.2811411764705882,0.2808,0.16504427837259128,0.0444,0.5853,17,0.5409
North Dakota,McIntosh County,0.2811,0.2811,,0.2811,0.2811,1,0.0
Minnesota,Lac qui Parle County,0.28099999999999997,0.257,0.0932459650601569,0.2021,0.3839,3,0.18180000000000002
Oklahoma,Pawnee County,0.28081999999999996,0.2395,0.07222262111000959,0.2296,0.396,5,0.16640000000000002
Mississippi,Marion County,0.28078333333333333,0.2676,0.1690918379658423,0.0954,0.587,6,0.4916
Kentucky,Laurel County,0.2806625,0.2332,0.20545663897766847,0.0079,0.6461,16,0.6382
Texas,Limestone County,0.28054999999999997,0.2567,0.14707893896039054,0.0828,0.4906,8,0.4078
Arkansas,Perry County,0.2803333333333333,0.2928,0.06993835380771651,0.205,0.3432,3,0.13820000000000002
Louisiana,Cameron Parish,0.280125,0.2713,0.11443159164613007,0.1518,0.4261,4,0.2743
Kansas,Ellis County,0.27978749999999997,0.29005,0.07919979144092311,0.1575,0.3745,8,0.217
South Carolina,Bamberg County,0.27978333333333333,0.19735,0.15690773615939613,0.1491,0.505,6,0.3559
Nebraska,Valley County,0.27975,0.27975,0.03189051583151332,0.2572,0.3023,2,0.04510000000000003
Utah,Grand County,0.2796666666666667,0.2402,0.06957422894530224,0.2388,0.36,3,0.12119999999999997
Michigan,Ontonagon County,0.2793,0.3783,0.17494856386949853,0.0773,0.3823,3,0.305
Missouri,Clinton County,0.27924000000000004,0.2177,0.19073162558946538,0.0715,0.5006,5,0.42910000000000004
Georgia,Jasper County,0.27918000000000004,0.2881,0.07155272182104605,0.1684,0.3686,5,0.2002
Illinois,Jasper County,0.2790666666666667,0.2776,0.06431254413668717,0.2155,0.3441,3,0.12860000000000002
Georgia,Banks County,0.27895,0.2738,0.1665224008954951,0.0895,0.4787,4,0.3892
Louisiana,Pointe Coupee Parish,0.27892857142857147,0.2709,0.1398962796060676,0.1159,0.4839,7,0.368
Texas,Williamson County,0.2786925925925926,0.2481,0.1839275752294785,0.0023,0.7111,135,0.7088
Wyoming,Hot Springs County,0.27855,0.27855,0.08492352442050438,0.2185,0.3386,2,0.12010000000000001
Wyoming,Crook County,0.2784,0.2784,0.10465180361560901,0.2044,0.3524,2,0.148
Colorado,Routt County,0.27837,0.1496,0.26117900651553994,0.0437,0.7174,10,0.6737000000000001
Texas,Hamilton County,0.27836666666666665,0.3222,0.07748563307693454,0.1889,0.324,3,0.1351
Texas,Leon County,0.27826666666666666,0.30665,0.16932696969669855,0.0612,0.467,6,0.40580000000000005
South Dakota,Bon Homme County,0.2781,0.2781,0.07198347032479054,0.2272,0.329,2,0.1018
Louisiana,Vermilion Parish,0.277925,0.25425,0.1668985100792295,0.0673,0.67,16,0.6027
Washington,Grays Harbor County,0.27784,0.237,0.1892795687809298,0.0386,0.7096,20,0.671
Wyoming,Niobrara County,0.2778,0.2778,,0.2778,0.2778,1,0.0
Nebraska,Nance County,0.2775,0.2775,,0.2775,0.2775,1,0.0
Wisconsin,Pepin County,0.27735,0.27735,0.16298811306349922,0.1621,0.3926,2,0.2305
Illinois,Gallatin County,0.2769,0.2769,0.2655893070136673,0.0891,0.4647,2,0.3756
California,Lake County,0.2767761904761905,0.2597,0.1410221504046861,0.0555,0.5978,21,0.5423
Texas,Burleson County,0.27672857142857143,0.2845,0.15835977724036823,0.079,0.5706,7,0.4916
Virginia,Pittsylvania County,0.27628421052631574,0.2411,0.21916394488337287,0.0458,0.9003,19,0.8545
Idaho,Ada County,0.2761519379844961,0.1869,0.20910668856649736,0.0245,0.9345,129,0.91
Kentucky,Johnson County,0.2758428571428571,0.2239,0.19250975609167498,0.1508,0.7039,7,0.5530999999999999
Mississippi,Oktibbeha County,0.2758076923076923,0.2751,0.14728884581856191,0.0255,0.5062,13,0.48069999999999996
Utah,Summit County,0.27567142857142857,0.19219999999999998,0.191039711653288,0.0723,0.6369,14,0.5646
North Carolina,Scotland County,0.27565555555555554,0.2465,0.1685865216373414,0.0456,0.5314,9,0.4858
North Dakota,Dickey County,0.2755,0.2846,0.06790883594938142,0.2035,0.3384,3,0.1349
Texas,Andrews County,0.2754,0.23704999999999998,0.09798493081421585,0.2091,0.4184,4,0.20929999999999999
Virginia,King William County,0.2753,0.19775,0.22553067788366768,0.1071,0.5986,4,0.49150000000000005
New Mexico,Lea County,0.27523333333333333,0.27725,0.1813286519003547,0.0499,0.6128,18,0.5629
Colorado,Kit Carson County,0.2751,0.2751,0.24409326086559624,0.1025,0.4477,2,0.3452
Texas,Floyd County,0.275,0.275,0.05656854249492383,0.235,0.315,2,0.08000000000000002
Iowa,Madison County,0.274775,0.2567,0.08970471466613855,0.1999,0.3858,4,0.18589999999999998
Idaho,Latah County,0.2745666666666666,0.2519,0.1514054407873112,0.0666,0.4588,9,0.3922
Michigan,Crawford County,0.27418,0.3495,0.15086207939704396,0.0534,0.4049,5,0.3515
North Carolina,Wayne County,0.2740066666666667,0.30335,0.19481987424875022,0.0261,0.6553,30,0.6292
Texas,Jim Hogg County,0.2738,0.2738,0.029415642097360355,0.253,0.2946,2,0.04159999999999997
Missouri,Iron County,0.273675,0.28435,0.21588480531678617,0.0276,0.4984,4,0.4708
North Dakota,Bowman County,0.2734,0.2734,0.0007071067811865482,0.2729,0.2739,2,0.0010000000000000009
Maine,Penobscot County,0.27333478260869565,0.27,0.21905455760547296,0.0107,0.7684,46,0.7576999999999999
North Dakota,Renville County,0.2724,0.2724,,0.2724,0.2724,1,0.0
South Dakota,Roberts County,0.2724,0.30169999999999997,0.09430316360900447,0.1412,0.345,4,0.20379999999999998
West Virginia,Jefferson County,0.2723466666666667,0.2257,0.14395800412752657,0.0419,0.6025,15,0.5606
Texas,Cochran County,0.2722,0.2722,,0.2722,0.2722,1,0.0
Pennsylvania,Crawford County,0.27204347826086955,0.273,0.1604184834796079,0.0222,0.6542,23,0.632
Nebraska,Clay County,0.27175,0.27175,0.14064353877800428,0.1723,0.3712,2,0.19889999999999997
Texas,Erath County,0.271625,0.23904999999999998,0.16499109135729945,0.0586,0.5752,12,0.5166000000000001
West Virginia,Nicholas County,0.2715,0.24585,0.11950665253449283,0.1541,0.4277,8,0.27360000000000007
South Dakota,Marshall County,0.2713,0.2713,,0.2713,0.2713,1,0.0
Virginia,Staunton city,0.27122857142857143,0.267,0.10724869407574332,0.1592,0.42,7,0.2608
Kansas,Clark County,0.2711,0.2711,,0.2711,0.2711,1,0.0
Colorado,Phillips County,0.27090000000000003,0.27090000000000003,0.14622968234937803,0.1675,0.3743,2,0.2068
North Dakota,Ramsey County,0.2709,0.3007,0.12518897715054628,0.1335,0.3785,3,0.245
Oklahoma,Beaver County,0.2708333333333333,0.2052,0.13003116293155778,0.1867,0.4206,3,0.23389999999999997
South Dakota,Perkins County,0.2707,0.2707,,0.2707,0.2707,1,0.0
New Mexico,Cibola County,0.2703333333333333,0.2782,0.17929112498949856,0.0165,0.4916,9,0.47509999999999997
Ohio,Morgan County,0.27015,0.3139,0.1197612486018189,0.094,0.3588,4,0.26480000000000004
Minnesota,Wright County,0.2700888888888889,0.2729,0.13941510053222447,0.0481,0.5302,27,0.48210000000000003
Mississippi,Bolivar County,0.27005555555555555,0.2468,0.11911788395441626,0.1305,0.5425,9,0.412
South Dakota,Lawrence County,0.2699625,0.2448,0.22508577373018113,0.0422,0.5873,8,0.5451
Ohio,Pike County,0.2698714285714286,0.2717,0.21813314522928204,0.0299,0.572,7,0.5420999999999999
Texas,Jim Wells County,0.26983636363636365,0.2366,0.1525712965975401,0.0515,0.554,11,0.5025000000000001
Montana,Sweet Grass County,0.2695,0.2695,,0.2695,0.2695,1,0.0
South Carolina,Dillon County,0.2692333333333333,0.2571,0.17673412234200842,0.044,0.6215,9,0.5775
Nebraska,Sherman County,0.2692,0.2692,,0.2692,0.2692,1,0.0
Minnesota,Sherburne County,0.26906842105263157,0.2239,0.2096793717735925,0.0211,0.5974,19,0.5763
Georgia,Wilkinson County,0.2688,0.2409,0.05120869066867458,0.2376,0.3279,3,0.09030000000000002
Mississippi,Tishomingo County,0.26865714285714287,0.2373,0.1353822718224566,0.0732,0.4525,7,0.3793
Kansas,Trego County,0.2686,0.2686,,0.2686,0.2686,1,0.0
Michigan,Kalkaska County,0.26830000000000004,0.2535,0.22218380679068403,0.0324,0.673,6,0.6406000000000001
Oklahoma,Seminole County,0.26803333333333335,0.1377,0.2207963201686115,0.1072,0.6367,9,0.5295000000000001
Texas,Randall County,0.26800606060606064,0.1926,0.22854683866140266,0.0169,0.7761,33,0.7592
Montana,Treasure County,0.268,0.268,,0.268,0.268,1,0.0
Washington,Island County,0.26791739130434783,0.1941,0.18240267554899198,0.0435,0.7093,23,0.6658000000000001
Virginia,Frederick County,0.2678736842105263,0.2462,0.18681535400289792,0.0282,0.7307,19,0.7025
Florida,Nassau County,0.2677913043478261,0.2434,0.16008849800555908,0.0255,0.6889,23,0.6634
Minnesota,Clearwater County,0.2677333333333333,0.2791,0.1565597755917315,0.1058,0.4183,3,0.3125
Illinois,Edwards County,0.26763333333333333,0.3004,0.10351542558156891,0.1517,0.3508,3,0.1991
Texas,Kleberg County,0.26743333333333336,0.2423,0.1358775183759256,0.1071,0.506,9,0.39890000000000003
Michigan,Newaygo County,0.2671545454545454,0.2742,0.1402014861806847,0.0562,0.4959,11,0.4397
North Dakota,Stark County,0.2670444444444444,0.2629,0.09528243687992964,0.0745,0.4007,9,0.3262
Kansas,Barber County,0.2668,0.2668,0.06759940828143393,0.219,0.3146,2,0.09559999999999999
North Carolina,Union County,0.26676041666666667,0.13779999999999998,0.2532094261796067,0.0254,0.8756,48,0.8502000000000001
Florida,Bay County,0.2667408163265306,0.1928,0.21895763566495322,0.007,0.8153,49,0.8083
Mississippi,Wayne County,0.2666428571428571,0.2774,0.1533753984742757,0.0506,0.5529,7,0.5023
Montana,Sheridan County,0.26639999999999997,0.26639999999999997,0.05953839097590728,0.2243,0.3085,2,0.0842
Iowa,Dickinson County,0.26635000000000003,0.29645,0.10089944994894672,0.1119,0.3906,6,0.2787
Arkansas,Franklin County,0.266,0.2859,0.13745548370290653,0.1395,0.4721,5,0.3326
Wisconsin,Richland County,0.26574,0.2802,0.17578867426543726,0.0295,0.5178,5,0.48830000000000007
Georgia,Lee County,0.2657,0.12304999999999999,0.24211280723780687,0.0597,0.6289,8,0.5692
North Carolina,Pasquotank County,0.26569,0.26844999999999997,0.20245028168801238,0.0209,0.5967,10,0.5758
Tennessee,Jefferson County,0.2656833333333333,0.22699999999999998,0.1381511019489058,0.1068,0.5773,12,0.47050000000000003
Virginia,Essex County,0.26563333333333333,0.2429,0.06295747241855675,0.2172,0.3368,3,0.11959999999999998
New Jersey,Cape May County,0.265575,0.23145,0.1436156519459873,0.04,0.5845,32,0.5445
Colorado,Garfield County,0.2654083333333333,0.23775000000000002,0.19440318674124538,0.0386,0.5752,12,0.5366000000000001
Georgia,Cherokee County,0.2653214285714286,0.22665000000000002,0.19388827871580225,0.008,0.7605,56,0.7525
Iowa,Iowa County,0.265025,0.23450000000000001,0.09728951211033317,0.1892,0.4019,4,0.21269999999999997
Missouri,Taney County,0.2648611111111111,0.23445,0.22846171809295956,0.0075,0.6271,18,0.6196
Oregon,Jefferson County,0.26485,0.2529,0.1549573581897383,0.0774,0.5638,8,0.48639999999999994
Virginia,Goochland County,0.2647,0.2373,0.11672043522879787,0.1277,0.4684,6,0.3407
Arkansas,Bradley County,0.26462,0.251,0.17231495001885358,0.1151,0.535,5,0.41990000000000005
Nebraska,Harlan County,0.2645,0.2645,,0.2645,0.2645,1,0.0
Tennessee,Lawrence County,0.26442727272727273,0.2004,0.20588465747067747,0.0508,0.5755,11,0.5247
North Dakota,Towner County,0.2641,0.2641,,0.2641,0.2641,1,0.0
Texas,Polk County,0.26407692307692304,0.188,0.1926475934352938,0.0461,0.7876,13,0.7414999999999999
Michigan,Barry County,0.26406875,0.2025,0.152889239729289,0.1151,0.5384,16,0.4233
Pennsylvania,Bedford County,0.26405833333333334,0.2928,0.19185851064276666,0.0375,0.6352,12,0.5977
Missouri,Monroe County,0.2639,0.2134,0.11972380715630455,0.1777,0.4006,3,0.22290000000000001
Montana,Gallatin County,0.2637230769230769,0.20350000000000001,0.20643535028224658,0.0048,0.6635,26,0.6587
Alabama,Lamar County,0.263675,0.24865,0.056846305948583836,0.2124,0.345,4,0.13259999999999997
Missouri,Chariton County,0.2636,0.3211,0.14440737515791915,0.0993,0.3704,3,0.2711
Arkansas,Prairie County,0.26356666666666667,0.2145,0.11132862764506413,0.1852,0.391,3,0.2058
Alabama,Cullman County,0.26339545454545454,0.2213,0.16054666574898677,0.0513,0.5536,22,0.5023
Alabama,Greene County,0.2629,0.29664999999999997,0.15998647859532794,0.0503,0.408,4,0.35769999999999996
Colorado,Rio Grande County,0.262625,0.28645,0.09947165006506462,0.1285,0.3491,4,0.22060000000000002
Tennessee,Benton County,0.26216,0.2954,0.15020715029584975,0.0418,0.4336,5,0.3918
Georgia,Bleckley County,0.2621,0.26335,0.12416260843479945,0.1104,0.4113,4,0.3009
New York,Chenango County,0.26205,0.219,0.18147518471313556,0.0034,0.6682,16,0.6648000000000001
New York,Warren County,0.26173478260869565,0.0992,0.2702007681314289,0.0321,0.8533,23,0.8211999999999999
Texas,Sutton County,0.2617,0.2617,,0.2617,0.2617,1,0.0
Pennsylvania,Bradford County,0.26164,0.2854,0.21009378110059054,0.0314,0.7339,15,0.7025
North Dakota,Logan County,0.2616,0.2616,,0.2616,0.2616,1,0.0
North Carolina,Nash County,0.261312,0.2272,0.16808218555218754,0.0098,0.5926,25,0.5828
Nebraska,Greeley County,0.2613,0.2613,,0.2613,0.2613,1,0.0
Wisconsin,Trempealeau County,0.2609125,0.25885,0.13839420340359013,0.0361,0.48,8,0.44389999999999996
Mississippi,Pearl River County,0.2609,0.11995,0.2808911485492794,0.0393,0.8219,16,0.7826
Kansas,Rawlins County,0.2608,0.2608,,0.2608,0.2608,1,0.0
Missouri,Warren County,0.2607666666666667,0.2354,0.13612959817761897,0.0831,0.56,9,0.47690000000000005
Virginia,Orange County,0.26065,0.19795000000000001,0.25749866573856817,0.0187,0.6577,8,0.6389999999999999
Kansas,Jackson County,0.2604666666666667,0.1882,0.13110260612716032,0.1814,0.4118,3,0.2304
Wisconsin,Ashland County,0.26015714285714286,0.1541,0.17934024327278822,0.0933,0.5129,7,0.41960000000000003
Georgia,Berrien County,0.2601166666666667,0.1896,0.18591966455075878,0.078,0.4973,6,0.4193
Oklahoma,Adair County,0.25982000000000005,0.2553,0.09766681626837236,0.1618,0.4171,5,0.2553
Wisconsin,Clark County,0.259725,0.29000000000000004,0.10890847730352043,0.0548,0.3826,8,0.3278
South Carolina,Edgefield County,0.25948571428571426,0.1754,0.18896171065916526,0.0936,0.614,7,0.5204
Texas,Medina County,0.25948181818181815,0.2445,0.1409362396133927,0.0676,0.5006,11,0.43300000000000005
Texas,Hays County,0.259395652173913,0.18335,0.23152001589161592,0.0043,0.7639,46,0.7596
North Carolina,Randolph County,0.2593735294117647,0.21334999999999998,0.19387442719579887,0.0223,0.7005,34,0.6782
Georgia,Charlton County,0.25933333333333336,0.2493,0.18185770078094943,0.0827,0.446,3,0.3633
Nebraska,Boone County,0.2593,0.2593,0.050487424176719496,0.2236,0.295,2,0.07139999999999999
North Carolina,Beaufort County,0.25914615384615386,0.1507,0.2754210189733305,0.009,0.8327,13,0.8237
Alabama,Marshall County,0.25900384615384614,0.18495,0.20107944595262686,0.037,0.7095,26,0.6725
Mississippi,Yalobusha County,0.258925,0.25939999999999996,0.0948652157888584,0.1426,0.3743,4,0.23170000000000002
Pennsylvania,Clarion County,0.25872307692307694,0.1824,0.21845721989230965,0.0549,0.7564,13,0.7015
New Mexico,Doña Ana County,0.25802131147540985,0.21,0.20310620466047977,0.0122,0.7803,61,0.7681
Colorado,San Juan County,0.2579,0.2579,,0.2579,0.2579,1,0.0
South Dakota,Kingsbury County,0.25784999999999997,0.25784999999999997,0.10401540751254114,0.1843,0.3314,2,0.14709999999999998
Michigan,Clare County,0.25776666666666664,0.18885000000000002,0.23207705355738809,0.0775,0.8016,12,0.7241
Tennessee,Smith County,0.25766,0.2998,0.1524019291216486,0.073,0.449,5,0.376
Texas,Parmer County,0.25765,0.25765,0.040375797205751886,0.2291,0.2862,2,0.05710000000000001
Minnesota,Norman County,0.2574666666666667,0.2953,0.08621823086408893,0.1588,0.3183,3,0.15950000000000003
Texas,Wilbarger County,0.257225,0.27140000000000003,0.09376614083274765,0.1429,0.3432,4,0.2003
North Carolina,Vance County,0.257,0.24995,0.1772199455222495,0.0447,0.666,12,0.6213000000000001
Maryland,Somerset County,0.25688333333333335,0.2889,0.13848730507402715,0.0651,0.3951,6,0.33
South Dakota,Harding County,0.2564,0.2564,,0.2564,0.2564,1,0.0
Alabama,Clay County,0.256275,0.21545000000000003,0.20907433088098915,0.0556,0.5386,4,0.483
Michigan,Dickinson County,0.2560857142857143,0.2767,0.10783913063094536,0.067,0.3708,7,0.3038
Minnesota,Hubbard County,0.25547142857142857,0.3072,0.1629414896446545,0.0707,0.4794,7,0.4087
New York,Columbia County,0.2549,0.2406,0.1520499852022354,0.0335,0.5011,21,0.4676
Kansas,Ness County,0.2544,0.2544,,0.2544,0.2544,1,0.0
Texas,Briscoe County,0.2543,0.2543,,0.2543,0.2543,1,0.0
Kansas,Stanton County,0.2539,0.2539,,0.2539,0.2539,1,0.0
Mississippi,Lincoln County,0.25387,0.1958,0.18345603197133273,0.0736,0.6194,10,0.5458
Tennessee,Lewis County,0.2537,0.2537,0.16602867222260137,0.1363,0.3711,2,0.23479999999999998
Georgia,Liberty County,0.25363529411764707,0.2257,0.12203143519794639,0.0837,0.4637,17,0.38
Mississippi,Tippah County,0.2536333333333333,0.15435,0.19208230180489475,0.1288,0.6166,6,0.4878
Alabama,Autauga County,0.2534705882352941,0.2808,0.15703487178293346,0.0517,0.6361,17,0.5844
South Dakota,Walworth County,0.25334999999999996,0.25334999999999996,0.06611448404094215,0.2066,0.3001,2,0.09349999999999997
Arkansas,Clay County,0.2532666666666667,0.3076,0.10969125155027937,0.0978,0.355,6,0.2572
Texas,Houston County,0.252275,0.24369999999999997,0.15909993939120692,0.0751,0.5656,8,0.4905
Florida,Santa Rosa County,0.2521361111111111,0.17535,0.21578733201633998,0.0193,0.7336,36,0.7143
Montana,Golden Valley County,0.2516,0.2516,,0.2516,0.2516,1,0.0
Virginia,Falls Church city,0.2516,0.2776,0.08253096388628937,0.1592,0.318,3,0.1588
South Carolina,Saluda County,0.25135,0.25475,0.04229689113871136,0.1805,0.3006,6,0.12009999999999998
West Virginia,Clay County,0.25106666666666666,0.3088,0.19666187564785742,0.032,0.4124,3,0.38039999999999996
Georgia,Montgomery County,0.2507333333333333,0.3216,0.15396104485659134,0.0741,0.3565,3,0.2824
North Carolina,Craven County,0.2505153846153846,0.1639,0.2120145743901729,0.0146,0.7475,26,0.7329000000000001
Kansas,Kiowa County,0.2496,0.2496,,0.2496,0.2496,1,0.0
Kentucky,Jessamine County,0.24945454545454543,0.2521,0.12726974788720502,0.0428,0.4256,11,0.3828
Oklahoma,McIntosh County,0.2488125,0.19835,0.1966796629583968,0.0096,0.508,8,0.4984
Nebraska,Webster County,0.24869999999999998,0.24869999999999998,0.02489015869776647,0.2311,0.2663,2,0.03519999999999998
Ohio,Knox County,0.24830714285714284,0.2302,0.20545495281779566,0.0251,0.6304,14,0.6053
North Dakota,Eddy County,0.2483,0.2483,,0.2483,0.2483,1,0.0
Idaho,Lemhi County,0.24819999999999998,0.2413,0.17675103960090308,0.075,0.4283,3,0.3533
South Carolina,Darlington County,0.2480736842105263,0.2562,0.11584765303384566,0.0525,0.5718,19,0.5193
Nebraska,Dawes County,0.248,0.248,0.009899494936611674,0.241,0.255,2,0.014000000000000012
Maine,Aroostook County,0.24797083333333333,0.25944999999999996,0.13833662308380917,0.04,0.5,24,0.46
Michigan,Montcalm County,0.24795714285714285,0.16344999999999998,0.18483828988224654,0.0756,0.559,14,0.48340000000000005
California,Del Norte County,0.24785000000000001,0.1795,0.1622445772811617,0.0901,0.5422,8,0.4521
Alabama,Coffee County,0.24764999999999998,0.24330000000000002,0.1544471387454836,0.0185,0.5397,16,0.5212
Maryland,St. Mary's County,0.2471727272727273,0.16985,0.20313552638059665,0.049,0.8276,22,0.7786
Missouri,Andrew County,0.24702000000000002,0.2071,0.13738261170905147,0.0736,0.3914,5,0.3178
Alabama,Clarke County,0.24701111111111113,0.1674,0.19458879364215995,0.0748,0.6005,9,0.5257000000000001
Alabama,Dallas County,0.24698823529411762,0.222,0.18715602742883056,0.0233,0.6657,17,0.6424
Texas,Reagan County,0.2469,0.2469,,0.2469,0.2469,1,0.0
South Dakota,Clark County,0.2463,0.2463,,0.2463,0.2463,1,0.0
Texas,Fannin County,0.2462888888888889,0.177,0.1886850977451879,0.048,0.6771,9,0.6291
West Virginia,Jackson County,0.24622857142857144,0.0968,0.28620964177962116,0.0453,0.785,7,0.7397
Iowa,Decatur County,0.2459,0.2934,0.08920151344007568,0.143,0.3013,3,0.15830000000000002
Tennessee,DeKalb County,0.24552000000000002,0.2367,0.13940124461424294,0.0547,0.3988,5,0.34409999999999996
Texas,Bee County,0.2450777777777778,0.2096,0.12356374648109551,0.1082,0.4296,9,0.32139999999999996
Ohio,Perry County,0.24495555555555557,0.1464,0.2150215053844098,0.0406,0.5719,9,0.5313
Iowa,Dallas County,0.2448315789473684,0.1956,0.1605090549630961,0.0421,0.5446,19,0.5025
Minnesota,Mille Lacs County,0.24477142857142858,0.2326,0.15992832471960386,0.1087,0.5731,7,0.46440000000000003
Mississippi,Newton County,0.2446,0.214,0.15125893031487428,0.0948,0.4406,6,0.3458
Georgia,Camden County,0.24454375,0.24509999999999998,0.1475012902485941,0.028,0.487,16,0.45899999999999996
Iowa,Jones County,0.24444285714285716,0.2305,0.1012883319562337,0.1459,0.4324,7,0.2865
Virginia,Fairfax city,0.24406,0.2557,0.028526882058858092,0.2057,0.2728,5,0.06709999999999999
Texas,DeWitt County,0.24383333333333335,0.2773,0.1018612913066915,0.0891,0.3563,6,0.2672
Missouri,Ralls County,0.2434333333333333,0.2797,0.08278896866934225,0.1487,0.3019,3,0.1532
Missouri,St. Francois County,0.24313684210526318,0.2057,0.14350089124975385,0.0116,0.4836,19,0.472
Florida,Lake County,0.24311066666666667,0.2071,0.15011918829881638,0.0067,0.5943,75,0.5876
Georgia,Dodge County,0.24305714285714286,0.1847,0.15476197699632013,0.0811,0.5398,7,0.45869999999999994
Connecticut,Northwest Hills Planning Region,0.24258648648648648,0.2427,0.13704738669964195,0.016,0.5023,37,0.48629999999999995
Missouri,Barry County,0.24255,0.24995,0.20381390885914644,0.0046,0.6215,10,0.6169
South Dakota,Lincoln County,0.2424923076923077,0.2203,0.21303971250112994,0.03,0.6015,13,0.5715
West Virginia,Lewis County,0.24245999999999998,0.2107,0.08538069453922238,0.152,0.3717,5,0.21969999999999998
Texas,Frio County,0.24228333333333332,0.17335,0.161874907464581,0.1125,0.5094,6,0.3969
North Carolina,Rutherford County,0.2418318181818182,0.24155,0.17839687266734577,0.0011,0.6129,22,0.6118
Arkansas,Drew County,0.24169999999999997,0.2918,0.08160983396625678,0.1508,0.3117,5,0.1609
Iowa,Ringgold County,0.2415,0.2415,0.13491597385039325,0.1461,0.3369,2,0.19079999999999997
Virginia,Lunenburg County,0.24143333333333336,0.2414,0.04065001025010123,0.2008,0.2821,3,0.08130000000000001
New Mexico,Roosevelt County,0.24134000000000003,0.2383,0.05220261487703466,0.169,0.3139,5,0.1449
Texas,Coleman County,0.24103333333333332,0.2224,0.1520089580693629,0.0992,0.4015,3,0.3023
South Carolina,Lancaster County,0.2409409090909091,0.2207,0.13620322232077614,0.0409,0.6835,22,0.6426
Montana,Phillips County,0.2408,0.2408,,0.2408,0.2408,1,0.0
Virginia,Charles City County,0.2407,0.1622,0.20910942111727057,0.0822,0.4777,3,0.3955
Georgia,Putnam County,0.240675,0.22465,0.16716256202528465,0.0531,0.5427,8,0.4896
Wisconsin,Shawano County,0.2397909090909091,0.2199,0.21585628762927175,0.0114,0.6865,11,0.6751
New York,Yates County,0.2397375,0.24475,0.14326475927456828,0.0422,0.4443,8,0.40209999999999996
Virginia,Northumberland County,0.239725,0.2366,0.1604653726924701,0.0501,0.4356,4,0.3855
Mississippi,Marshall County,0.23967,0.28085,0.10867069573307751,0.0792,0.3687,10,0.28950000000000004
Louisiana,Concordia Parish,0.23966666666666667,0.1651,0.20722393362415129,0.042,0.5715,6,0.5295
Idaho,Valley County,0.23935,0.2139,0.10350235101999697,0.1447,0.3849,4,0.24020000000000002
Georgia,Jeff Davis County,0.23915999999999998,0.1268,0.18281165991259968,0.0724,0.4576,5,0.3852
Virginia,Wythe County,0.2388625,0.2363,0.1809673367331401,0.0238,0.4728,8,0.449
Texas,Yoakum County,0.23875000000000002,0.23875000000000002,0.030759144981614837,0.217,0.2605,2,0.04350000000000001
Maryland,Calvert County,0.2381,0.1977,0.15775961609546416,0.0483,0.6443,18,0.596
Texas,Maverick County,0.23807692307692305,0.161,0.18880848389239183,0.0474,0.5871,13,0.5397
Alabama,Tallapoosa County,0.23755833333333332,0.1766,0.17844160469990955,0.0112,0.4819,12,0.4707
West Virginia,Mercer County,0.23741875,0.24405,0.11091060195039967,0.0621,0.4535,16,0.3914
Iowa,Keokuk County,0.2374,0.2547,0.05091659847240385,0.1645,0.2757,4,0.1112
Colorado,Douglas County,0.23733333333333334,0.1865,0.17006589443713935,0.038,0.8307,72,0.7927
Georgia,Crawford County,0.23696666666666666,0.2027,0.0967629233401582,0.162,0.3462,3,0.1842
Georgia,Quitman County,0.2369,0.2369,,0.2369,0.2369,1,0.0
Colorado,Gilpin County,0.23685,0.23685,0.16525085476329618,0.12,0.3537,2,0.23370000000000002
Alabama,Jackson County,0.2368125,0.2259,0.1135331016341343,0.0771,0.4408,16,0.3637
Texas,Shackelford County,0.2365,0.2365,,0.2365,0.2365,1,0.0
Alabama,Marengo County,0.236275,0.21445,0.16731689992346857,0.0687,0.5472,8,0.47850000000000004
Nebraska,Pierce County,0.2362,0.2362,0.0568513852073984,0.196,0.2764,2,0.08039999999999997
Texas,Hemphill County,0.2362,0.2362,,0.2362,0.2362,1,0.0
Michigan,Emmet County,0.23571,0.2193,0.15409053940243486,0.0338,0.4961,10,0.4623
North Carolina,Chowan County,0.2352,0.2582,0.16791372784855918,0.01,0.4144,4,0.4044
North Dakota,Emmons County,0.2351,0.2351,,0.2351,0.2351,1,0.0
Virginia,Hampton city,0.2345472222222222,0.19075,0.21079645901893287,0.0013,0.7209,36,0.7196
Kentucky,Barren County,0.23445384615384618,0.1846,0.2102302531962856,0.0346,0.6352,13,0.6006
Tennessee,Cheatham County,0.2344,0.2275,0.09906410803111285,0.1148,0.4347,9,0.31989999999999996
Texas,Hansford County,0.23435,0.23435,0.034294678887547544,0.2101,0.2586,2,0.04849999999999999
Georgia,Meriwether County,0.23408571428571426,0.2283,0.07448358719815232,0.0951,0.3374,7,0.24229999999999996
Illinois,Menard County,0.23399999999999999,0.2171,0.07715095592408432,0.1667,0.3182,3,0.1515
Kentucky,Montgomery County,0.23352857142857145,0.3256,0.17357675261283997,0.0088,0.4222,7,0.41340000000000005
Texas,Atascosa County,0.23343846153846154,0.1976,0.17277274832595144,0.0184,0.6436,13,0.6252
South Carolina,Oconee County,0.23339500000000002,0.18935000000000002,0.20128252068070626,0.0051,0.6186,20,0.6135
Wisconsin,St. Croix County,0.23327222222222221,0.24930000000000002,0.09844979494231061,0.0802,0.3923,18,0.3121
New York,Schuyler County,0.233,0.2627,0.10228342974304294,0.0964,0.3541,5,0.25770000000000004
Georgia,Worth County,0.23258333333333334,0.19619999999999999,0.09862349449632507,0.1287,0.3871,6,0.25839999999999996
Georgia,Pike County,0.23252,0.2446,0.05098026088595468,0.1703,0.2963,5,0.126
Missouri,Adair County,0.2323875,0.22765,0.08835835213977873,0.0883,0.3508,8,0.2625
Mississippi,Copiah County,0.2323875,0.1709,0.14868405080668778,0.0853,0.4639,8,0.3786
Wisconsin,Lincoln County,0.23232,0.25075,0.15616257767681305,0.0419,0.5536,10,0.5116999999999999
New York,Steuben County,0.2323193548387097,0.2675,0.15249561834001404,0.0247,0.5893,31,0.5646
Florida,Clay County,0.23216888888888887,0.1546,0.21578808820252574,0.0035,0.8466,45,0.8431000000000001
Oklahoma,Pushmataha County,0.23215,0.1502,0.20760374916331994,0.0917,0.5365,4,0.4448
Michigan,Antrim County,0.23191,0.2149,0.19692352971535818,0.0474,0.6061,10,0.5587
Florida,Manatee County,0.23188709677419356,0.1445,0.21373936954283043,0.0061,0.7667,93,0.7606
New York,Tompkins County,0.23187692307692306,0.1893,0.16370522608076335,0.0046,0.6046,26,0.6
New Hampshire,Merrimack County,0.23165897435897437,0.178,0.2052487524392481,0.0135,0.7395,39,0.7260000000000001
Kentucky,Woodford County,0.2316,0.22094999999999998,0.06888047618883017,0.1462,0.3749,8,0.22870000000000001
Minnesota,Becker County,0.23159999999999997,0.1331,0.20475599028002953,0.0267,0.566,10,0.5392999999999999
Texas,Wood County,0.231575,0.1683,0.1786174028220909,0.0203,0.5951,12,0.5748
Virginia,Fauquier County,0.23152,0.2615,0.14070190811559177,0.0297,0.5507,20,0.521
Nebraska,Gosper County,0.2311,0.2311,,0.2311,0.2311,1,0.0
Missouri,Madison County,0.23107499999999997,0.21994999999999998,0.12486660549028576,0.0951,0.3893,4,0.29419999999999996
Tennessee,Scott County,0.23056666666666667,0.17865,0.17303129967340203,0.0527,0.5444,6,0.4917
Arkansas,Poinsett County,0.2305,0.2109,0.13087762004472508,0.0937,0.4843,8,0.3906
Georgia,Gilmer County,0.230225,0.2101,0.1049812602324815,0.1014,0.4339,8,0.3325
Pennsylvania,Tioga County,0.23009,0.2113,0.157055966316328,0.0335,0.5042,10,0.4707
Texas,Bastrop County,0.2299952380952381,0.2205,0.11470657991671826,0.0638,0.5228,21,0.4590000000000001
Missouri,Boone County,0.22993000000000002,0.2013,0.18211801217610069,0.0006,0.5839,40,0.5832999999999999
Florida,Pasco County,0.22972615384615386,0.18385,0.15781012806526756,0.0172,0.7724,130,0.7552
Georgia,Brooks County,0.22965,0.21994999999999998,0.09988486872394636,0.0943,0.3515,6,0.2572
Virginia,Buena Vista city,0.2294,0.2294,0.05840702012600883,0.1881,0.2707,2,0.0826
South Dakota,Douglas County,0.2293,0.2293,,0.2293,0.2293,1,0.0
New York,Tioga County,0.22894545454545456,0.2182,0.1372110444799278,0.0615,0.4247,11,0.3632
Wisconsin,Price County,0.22881666666666667,0.1885,0.07273756709339861,0.1778,0.3485,6,0.17069999999999996
Kentucky,Pendleton County,0.22794999999999999,0.20350000000000001,0.09801746443023984,0.1467,0.3581,4,0.21139999999999998
North Carolina,Robeson County,0.22775714285714285,0.1256,0.1845279132172217,0.0189,0.6859,35,0.6669999999999999
Texas,Kent County,0.227,0.227,,0.227,0.227,1,0.0
Wisconsin,Taylor County,0.22673333333333331,0.16935,0.23005379950495636,0.0052,0.5637,6,0.5585
Massachusetts,Barnstable County,0.22647678571428573,0.16925,0.19142761935336997,0.0369,0.8944,56,0.8574999999999999
Georgia,Catoosa County,0.22638666666666665,0.2076,0.12764781832765307,0.0639,0.5677,15,0.5038
Nebraska,Thayer County,0.2261,0.2261,0.014142135623730963,0.2161,0.2361,2,0.020000000000000018
Texas,San Saba County,0.22585,0.22585,0.1001970308941338,0.155,0.2967,2,0.14170000000000002
Georgia,Emanuel County,0.22567777777777775,0.1844,0.12675341985305344,0.0516,0.5112,9,0.4596
Kentucky,Anderson County,0.22545,0.2369,0.13716681449971782,0.043,0.3842,6,0.3412
Virginia,Botetourt County,0.2252333333333333,0.2363,0.143093963883876,0.0301,0.5128,9,0.4827
Minnesota,Lincoln County,0.22515,0.22515,0.15068445507085326,0.1186,0.3317,2,0.2131
Virginia,Mecklenburg County,0.2248,0.19369999999999998,0.1469521195986824,0.0544,0.488,12,0.4336
Texas,Roberts County,0.2245,0.2245,,0.2245,0.2245,1,0.0
Virginia,Powhatan County,0.22441666666666668,0.20265,0.0843141130930443,0.1303,0.3364,6,0.20609999999999998
Oregon,Crook County,0.2243,0.1841,0.18262642196571666,0.0477,0.5165,7,0.46879999999999994
Kentucky,Caldwell County,0.224225,0.1991,0.18281118446820113,0.0398,0.4589,4,0.4191
Pennsylvania,Perry County,0.22422,0.243,0.12982630105045914,0.0359,0.4811,10,0.44520000000000004
Illinois,Hancock County,0.22405714285714287,0.2538,0.07767751405957964,0.0893,0.3188,7,0.22949999999999998
Florida,Jackson County,0.22373846153846152,0.229,0.09999759612495307,0.054,0.4012,13,0.3472
Oklahoma,Roger Mills County,0.2235,0.2235,,0.2235,0.2235,1,0.0
Virginia,Augusta County,0.22319999999999998,0.2213,0.15768596490941025,0.013,0.5465,18,0.5335
Georgia,Candler County,0.22306666666666666,0.1951,0.1282575663784922,0.1111,0.363,3,0.2519
Alabama,Elmore County,0.22303,0.1799,0.1696613161876517,0.0205,0.6427,20,0.6222000000000001
Ohio,Hocking County,0.223,0.1511,0.1678187911607835,0.0543,0.4762,7,0.4219
Missouri,Scotland County,0.22290000000000001,0.22290000000000001,0.16419019459151635,0.1068,0.339,2,0.23220000000000002
South Dakota,Moody County,0.22225,0.22225,0.09991418818165915,0.1516,0.2929,2,0.14129999999999998
North Carolina,Northampton County,0.22224,0.19895000000000002,0.15435570896111647,0.0218,0.5435,10,0.5216999999999999
Virginia,Appomattox County,0.221925,0.2203,0.07778317620154117,0.1463,0.3008,4,0.1545
Louisiana,East Feliciana Parish,0.22168000000000002,0.1117,0.2294875094640229,0.031,0.5711,5,0.5401
North Carolina,Davie County,0.22147,0.18375000000000002,0.13684906568105526,0.0515,0.4361,10,0.3846
Wyoming,Fremont County,0.22129166666666666,0.1355,0.16176906917709655,0.07,0.4864,12,0.4164
Nebraska,Dundy County,0.2212,0.2212,,0.2212,0.2212,1,0.0
South Carolina,Colleton County,0.2210769230769231,0.2121,0.10807513708716848,0.0565,0.4691,13,0.4126
Vermont,Bennington County,0.221,0.151,0.23035179814598997,0.019,0.7758,12,0.7568
Oklahoma,Beckham County,0.220275,0.2244,0.08223463888978498,0.121,0.3113,4,0.19030000000000002
Arkansas,Baxter County,0.22003,0.1357,0.16996997806802366,0.0344,0.5042,10,0.4698
Kentucky,Mercer County,0.21986,0.1656,0.1399883852324899,0.0823,0.3864,5,0.30410000000000004
Arkansas,Izard County,0.219775,0.21815,0.08503553668908075,0.1208,0.322,4,0.2012
New Mexico,De Baca County,0.2193,0.2193,,0.2193,0.2193,1,0.0
Texas,Tyler County,0.2192833333333333,0.13715,0.16944171170838268,0.0958,0.5173,6,0.4215
Michigan,Mecosta County,0.21896153846153846,0.195,0.12089777044030174,0.0591,0.4075,13,0.3484
Virginia,Virginia Beach city,0.21895855855855856,0.1358,0.20871661887417345,0.0008,0.9586,111,0.9578
Mississippi,Jasper County,0.21892857142857142,0.1653,0.16125639743677062,0.0351,0.4632,7,0.4281
Washington,Jefferson County,0.21861999999999998,0.1768,0.1602999743536404,0.0424,0.5114,10,0.469
Louisiana,Tensas Parish,0.2185,0.2512,0.12276102801785263,0.0827,0.3216,3,0.2389
New Mexico,Colfax County,0.21846666666666667,0.2481,0.054473877531651206,0.1556,0.2517,3,0.09609999999999999
Georgia,Forsyth County,0.21844791666666666,0.1739,0.16692727552654874,0.0352,0.7116,48,0.6764
Texas,Trinity County,0.2184,0.2703,0.11083431327887587,0.0593,0.3356,5,0.2763
Virginia,King George County,0.2183166666666667,0.1281,0.18799035524905705,0.0648,0.4964,6,0.4316
Virginia,Scott County,0.21821666666666664,0.1998,0.08590456138451943,0.1114,0.3365,6,0.22510000000000002
Texas,Hood County,0.21805714285714287,0.1296,0.1717904435162692,0.0268,0.5309,14,0.5041
Louisiana,Franklin Parish,0.21805,0.11275,0.21611794696415196,0.0494,0.5554,6,0.506
Montana,Beaverhead County,0.21773333333333333,0.1644,0.09350413538091956,0.1631,0.3257,3,0.1626
South Dakota,Campbell County,0.2177,0.2177,,0.2177,0.2177,1,0.0
Minnesota,Morrison County,0.2166875,0.14450000000000002,0.2187043825904861,0.0137,0.6221,8,0.6083999999999999
Illinois,Scott County,0.21665,0.21665,0.014354267658086914,0.2065,0.2268,2,0.020300000000000012
Texas,Newton County,0.21661999999999998,0.1334,0.18447024692345376,0.073,0.5273,5,0.4543
South Dakota,Jerauld County,0.2163,0.2163,,0.2163,0.2163,1,0.0
Tennessee,Trousdale County,0.2162,0.2162,0.04723473298326136,0.1828,0.2496,2,0.0668
New York,Otsego County,0.21601363636363635,0.16355,0.16650238464030803,0.0136,0.5861,22,0.5725
Texas,Fisher County,0.21595,0.21595,0.13300678554118958,0.1219,0.31,2,0.1881
Oklahoma,Harmon County,0.2158,0.2158,,0.2158,0.2158,1,0.0
Mississippi,Quitman County,0.21553333333333335,0.1823,0.12393806248821763,0.1116,0.3527,3,0.2411
Vermont,Franklin County,0.2155,0.199,0.23592710314840895,0.0048,0.6904,11,0.6856
South Carolina,Georgetown County,0.21490499999999998,0.09105,0.21551468255025416,0.0008,0.6033,20,0.6024999999999999
Tennessee,Hardeman County,0.2148,0.19795,0.12069763875072287,0.0791,0.3712,6,0.29209999999999997
Nebraska,Grant County,0.2146,0.2146,,0.2146,0.2146,1,0.0
Idaho,Washington County,0.21409999999999998,0.1712,0.11804876111166945,0.1235,0.3476,3,0.22410000000000002
Minnesota,Isanti County,0.21405555555555558,0.1056,0.21394484751397447,0.0369,0.5429,9,0.506
Michigan,Schoolcraft County,0.21400000000000005,0.2559,0.0836321110578945,0.1177,0.2684,3,0.15070000000000003
South Dakota,Potter County,0.214,0.214,,0.214,0.214,1,0.0
New Hampshire,Grafton County,0.21398928571428572,0.20325,0.1476660229213099,0.0181,0.6534,28,0.6353
Alabama,Sumter County,0.21398,0.172,0.17727524361850416,0.0892,0.5234,5,0.4342
Idaho,Gem County,0.212925,0.20945,0.10072081463133625,0.0973,0.3355,4,0.23820000000000002
Kansas,Hodgeman County,0.2126,0.2126,,0.2126,0.2126,1,0.0
New Hampshire,Cheshire County,0.21258333333333332,0.175,0.13256321577447716,0.0185,0.4482,18,0.42969999999999997
Oregon,Baker County,0.21203333333333332,0.1542,0.14405637322474377,0.0897,0.4675,6,0.3778
Kansas,Rooks County,0.21195000000000003,0.21195000000000003,0.10995510447450814,0.1342,0.2897,2,0.1555
Georgia,Dade County,0.21173999999999998,0.2464,0.13961736281709375,0.0418,0.3974,5,0.35559999999999997
Georgia,Hart County,0.21132,0.1709,0.17248005230879435,0.0276,0.5267,10,0.49909999999999993
Louisiana,Avoyelles Parish,0.211275,0.12129999999999999,0.17167254307388397,0.051,0.5301,12,0.4791
Kentucky,Oldham County,0.2106533333333333,0.1998,0.11384661276513779,0.0727,0.4679,15,0.3952
Michigan,Ogemaw County,0.2104375,0.057,0.25552781194729357,0.0339,0.6989,8,0.6649999999999999
Mississippi,Stone County,0.21027999999999997,0.1466,0.21592205074980184,0.0348,0.5526,5,0.5178
Utah,San Juan County,0.210225,0.173,0.11766855640597733,0.1133,0.3816,4,0.2683
Oklahoma,Atoka County,0.2102,0.13085,0.1861302590481551,0.0915,0.4876,4,0.3961
Texas,Brown County,0.21011538461538462,0.1646,0.14000839764191436,0.0124,0.421,13,0.40859999999999996
North Carolina,McDowell County,0.209925,0.17115000000000002,0.15263453156894977,0.0596,0.5748,12,0.5152
North Carolina,Buncombe County,0.20983384615384618,0.1684,0.1861605341138085,0.0007,0.7678,65,0.7671
Virginia,Caroline County,0.20881111111111111,0.1834,0.14035116177328608,0.0429,0.4544,9,0.41150000000000003
Missouri,Johnson County,0.20815,0.22725,0.12079333113278169,0.0291,0.4349,14,0.4058
Mississippi,Lafayette County,0.20814666666666667,0.1521,0.17020915648807192,0.0293,0.455,15,0.4257
Missouri,Montgomery County,0.207725,0.1867,0.07071215713487086,0.1507,0.3068,4,0.15610000000000002
Texas,Castro County,0.2077,0.2062,0.10665791109898974,0.1018,0.3151,3,0.2133
North Carolina,Pitt County,0.20748095238095238,0.17909999999999998,0.17315463163775732,0.01,0.6229,42,0.6129
North Carolina,Orange County,0.20741904761904764,0.184,0.177336193378559,0.0109,0.6751,42,0.6642
Tennessee,Grainger County,0.20736666666666667,0.1691,0.14299708621740048,0.0706,0.4163,6,0.3457
Nebraska,Cuming County,0.20716666666666664,0.1928,0.0879346537682007,0.1273,0.3014,3,0.1741
Louisiana,Catahoula Parish,0.20676666666666665,0.1485,0.14038252502834295,0.1049,0.3669,3,0.262
Mississippi,Itawamba County,0.2066,0.2208,0.10687821106287286,0.0155,0.3181,6,0.3026
Mississippi,Alcorn County,0.20651999999999998,0.14435,0.14505664640638383,0.0915,0.4981,10,0.40659999999999996
Virginia,Galax city,0.2064,0.2064,0.011030865786510143,0.1986,0.2142,2,0.015600000000000003
Oregon,Lincoln County,0.20632777777777778,0.16949999999999998,0.10688129097029622,0.0872,0.3943,18,0.3071
West Virginia,Morgan County,0.20609999999999998,0.1512,0.14385303611672573,0.0451,0.3939,6,0.3488
South Dakota,Hughes County,0.20579999999999998,0.20934999999999998,0.07753850656286848,0.109,0.2955,4,0.1865
Maine,Kennebec County,0.2057388888888889,0.17115,0.17099630785951872,0.007,0.5355,36,0.5285
Kentucky,Henry County,0.2057,0.1765,0.07460184314076966,0.1241,0.3154,5,0.19130000000000003
Colorado,Pitkin County,0.2051333333333333,0.2476,0.13774333619695245,0.0034,0.3831,6,0.3797
Massachusetts,Franklin County,0.20495789473684212,0.1928,0.09603464256766624,0.0449,0.4245,19,0.3796
South Dakota,Bennett County,0.20485,0.20485,0.022556706319850853,0.1889,0.2208,2,0.031899999999999984
Mississippi,Tallahatchie County,0.20455,0.18725,0.09288388808973634,0.1147,0.329,4,0.21430000000000002
Texas,Stephens County,0.20403333333333332,0.2111,0.13683692240522416,0.0638,0.3372,3,0.2734
Texas,Willacy County,0.20388,0.1547,0.12088799361392347,0.114,0.4054,5,0.2914
Wisconsin,Oneida County,0.2036,0.0964,0.2245987147484746,0.0019,0.7181,16,0.7162
Georgia,Taylor County,0.2034,0.20995,0.1148944733222621,0.0878,0.3059,4,0.21810000000000002
Minnesota,Itasca County,0.2033761904761905,0.1501,0.18136055222887335,0.0085,0.7222,21,0.7137
Washington,Mason County,0.2028263157894737,0.1727,0.15667232557902236,0.0292,0.5929,19,0.5637
North Carolina,Montgomery County,0.20263,0.1585,0.16704520379559276,0.049,0.5736,10,0.5246
West Virginia,Greenbrier County,0.20246,0.14805000000000001,0.16440742210874923,0.0161,0.5055,10,0.48939999999999995
Mississippi,Claiborne County,0.20236666666666667,0.1872,0.045391886205943616,0.1665,0.2534,3,0.0869
Arkansas,Lincoln County,0.202175,0.194,0.04348197902579872,0.1595,0.2612,4,0.10169999999999998
Virginia,Shenandoah County,0.2017090909090909,0.107,0.16283962327729362,0.0379,0.5145,11,0.47659999999999997
Texas,Hudspeth County,0.2012,0.2012,,0.2012,0.2012,1,0.0
South Dakota,Custer County,0.20079999999999998,0.20079999999999998,0.020788939366884494,0.1861,0.2155,2,0.02940000000000001
Wisconsin,Green Lake County,0.2004,0.10819999999999999,0.18831942013504607,0.0518,0.5227,6,0.47090000000000004
Illinois,Calhoun County,0.20029999999999998,0.20029999999999998,0.009758073580374371,0.1934,0.2072,2,0.013800000000000007
Alabama,Conecuh County,0.20015999999999998,0.1809,0.13761118413849943,0.0496,0.4249,5,0.3753
North Carolina,Halifax County,0.200125,0.1771,0.15214232152823226,0.0274,0.4818,16,0.4544
Alabama,Monroe County,0.20011111111111113,0.1908,0.15364050934278728,0.018,0.4378,9,0.4198
Mississippi,Sharkey County,0.20005,0.20005,0.0512652416360247,0.1638,0.2363,2,0.07250000000000001
Indiana,Washington County,0.19954285714285716,0.144,0.15389983600969015,0.0185,0.4387,7,0.42019999999999996
Montana,Prairie County,0.1994,0.1994,,0.1994,0.1994,1,0.0
Illinois,Cass County,0.19914,0.1691,0.13332459638041289,0.0983,0.4287,5,0.3304
Vermont,Windsor County,0.1990263157894737,0.114,0.248559324110642,0.0033,0.7657,19,0.7624000000000001
Virginia,Alleghany County,0.19898333333333332,0.17509999999999998,0.145797426817714,0.0314,0.4587,6,0.4273
Virginia,James City County,0.19884705882352943,0.1187,0.21302109965226174,0.0119,0.6276,17,0.6157
Arkansas,Boone County,0.1988142857142857,0.1451,0.1347965062426994,0.0476,0.4654,7,0.41779999999999995
Tennessee,McNairy County,0.19851249999999998,0.1717,0.12300197951368794,0.065,0.48,8,0.415
Oklahoma,Alfalfa County,0.1983,0.1938,0.06057549009294105,0.1401,0.261,3,0.12090000000000001
South Dakota,Fall River County,0.19824999999999998,0.19824999999999998,0.017606958851545045,0.1858,0.2107,2,0.024900000000000005
Arkansas,Cleveland County,0.19805,0.19805,0.014778531726798855,0.1876,0.2085,2,0.020900000000000002
Missouri,Callaway County,0.1979,0.1632,0.10035483047666416,0.0606,0.3782,11,0.3176
Oregon,Curry County,0.1977857142857143,0.2128,0.08146630036547688,0.0758,0.2953,7,0.2195
Oregon,Grant County,0.19773333333333332,0.2635,0.1256946432165402,0.0528,0.2769,3,0.22409999999999997
Michigan,Alpena County,0.1975,0.16975,0.11804251588116696,0.0762,0.4635,10,0.38730000000000003
Texas,Red River County,0.19738,0.1619,0.09359859507492621,0.0933,0.3336,5,0.2403
South Dakota,Corson County,0.197,0.197,0.09390378054157353,0.1306,0.2634,2,0.13280000000000003
West Virginia,Wirt County,0.19685,0.19685,0.0033234018715767605,0.1945,0.1992,2,0.004699999999999982
Ohio,Holmes County,0.19647,0.2164,0.05756976540588722,0.1145,0.2761,10,0.16160000000000002
Virginia,Page County,0.19636666666666666,0.1985,0.04850359436852764,0.137,0.2636,6,0.1266
Texas,Knox County,0.1963,0.1963,0.022061731573020285,0.1807,0.2119,2,0.031200000000000006
Michigan,Benzie County,0.19611666666666663,0.20895,0.0640628883728065,0.1085,0.2814,6,0.1729
Idaho,Custer County,0.1961,0.1961,,0.1961,0.1961,1,0.0
Vermont,Rutland County,0.195925,0.1297,0.18114482102508625,0.0038,0.5442,20,0.5404
South Dakota,Brule County,0.1959,0.1959,0.005374011537017758,0.1921,0.1997,2,0.007599999999999996
Arkansas,Randolph County,0.19586,0.1054,0.1588052990299757,0.0546,0.3937,5,0.3391
Nebraska,Stanton County,0.19575,0.19575,0.092984541726031,0.13,0.2615,2,0.1315
Michigan,Oceana County,0.1956571428571429,0.089,0.18881662053557727,0.074,0.5071,7,0.4331
Louisiana,Evangeline Parish,0.1956181818181818,0.1483,0.1578962369290783,0.0072,0.5468,11,0.5396
Florida,Baker County,0.1956,0.1901,0.0626115537793678,0.1296,0.2726,4,0.14300000000000002
Georgia,Pickens County,0.19553333333333334,0.1465,0.1370617470339555,0.039,0.4025,9,0.36350000000000005
Nebraska,Holt County,0.195525,0.12755,0.14270193586633645,0.1177,0.4093,4,0.29159999999999997
Florida,Hamilton County,0.19515000000000002,0.19669999999999999,0.1250230018836534,0.0386,0.3404,6,0.30179999999999996
Tennessee,Polk County,0.1944,0.14865,0.1441804425017485,0.0575,0.461,6,0.4035
South Dakota,McCook County,0.19435000000000002,0.19435000000000002,0.12480434687942564,0.1061,0.2826,2,0.17650000000000002
Mississippi,Chickasaw County,0.1941,0.1835,0.11846881446186587,0.0273,0.3243,5,0.297
Georgia,Hancock County,0.19385000000000002,0.19385000000000002,0.042921381618023426,0.1635,0.2242,2,0.060700000000000004
Alabama,DeKalb County,0.1936857142857143,0.0866,0.22019772089128054,0.0146,0.7739,21,0.7593000000000001
North Carolina,Edgecombe County,0.19367857142857142,0.1548,0.17088261008239378,0.0053,0.4891,14,0.48379999999999995
Missouri,Laclede County,0.1934111111111111,0.1503,0.18161612982087,0.0086,0.4914,9,0.4828
Texas,Kinney County,0.1932,0.1932,,0.1932,0.1932,1,0.0
Tennessee,Hickman County,0.1926857142857143,0.1902,0.08922961818759935,0.0633,0.3132,7,0.24989999999999998
Texas,Wheeler County,0.19215,0.19215,0.0350017856687341,0.1674,0.2169,2,0.049500000000000016
Wisconsin,Door County,0.19194444444444445,0.1746,0.13276409634301653,0.0396,0.4386,9,0.39899999999999997
Iowa,Allamakee County,0.19162,0.2215,0.12120423672462939,0.0332,0.3236,5,0.2904
Georgia,Murray County,0.19113,0.16735,0.14871815289331694,0.0213,0.5171,10,0.4958
Missouri,Caldwell County,0.19066666666666668,0.2019,0.06290678288812213,0.1229,0.2472,3,0.12430000000000001
Nebraska,Colfax County,0.1905,0.1973,0.07373554095549852,0.1136,0.2606,3,0.147
Alabama,Marion County,0.19030000000000002,0.1986,0.10565604573331334,0.0383,0.3358,11,0.2975
Georgia,Atkinson County,0.19010000000000002,0.1758,0.0384963634646183,0.1608,0.2337,3,0.07289999999999999
Texas,Eastland County,0.18992857142857142,0.1964,0.11899456170046475,0.0118,0.3787,7,0.3669
Texas,Ochiltree County,0.18953333333333333,0.2412,0.1216293276037212,0.0506,0.2768,3,0.22619999999999998
Virginia,Isle of Wight County,0.18938888888888888,0.1662,0.18637537018369973,0.0151,0.6052,9,0.5901
South Dakota,Mellette County,0.1893,0.1893,,0.1893,0.1893,1,0.0
Texas,Matagorda County,0.18915,0.14695,0.1341043318397352,0.0282,0.4304,12,0.4022
Kansas,Graham County,0.1891,0.1891,,0.1891,0.1891,1,0.0
Virginia,Manassas Park city,0.18909999999999996,0.1911,0.05292834779208586,0.1352,0.241,3,0.1058
North Carolina,Yancey County,0.18884,0.1172,0.16589539776618278,0.022,0.4156,5,0.3936
Kentucky,Taylor County,0.18878571428571428,0.1276,0.18921294378355327,0.0341,0.4896,7,0.45549999999999996
Utah,Beaver County,0.18875,0.18875,0.049851028073651604,0.1535,0.224,2,0.07050000000000001
Colorado,Alamosa County,0.1887,0.1651,0.0831792942985212,0.1006,0.3171,5,0.2165
Ohio,Athens County,0.18842666666666666,0.1876,0.055508358015021575,0.0431,0.2654,15,0.22230000000000003
Texas,Childress County,0.18830000000000002,0.18830000000000002,0.05614427842621186,0.1486,0.228,2,0.0794
Tennessee,Meigs County,0.18826666666666667,0.1546,0.09222978549976865,0.1176,0.2926,3,0.17500000000000004
Texas,Mills County,0.1882,0.1882,0.01131370849898477,0.1802,0.1962,2,0.016000000000000014
New Mexico,Guadalupe County,0.188,0.188,,0.188,0.188,1,0.0
Texas,Stonewall County,0.1879,0.1879,,0.1879,0.1879,1,0.0
Georgia,Haralson County,0.18775,0.14939999999999998,0.08041737552117881,0.12,0.3336,8,0.2136
Illinois,Pope County,0.18755,0.18755,0.0853477884892163,0.1272,0.2479,2,0.1207
Montana,Lake County,0.18727,0.19965,0.07846920202644261,0.0767,0.2922,10,0.21550000000000002
Minnesota,Houston County,0.18722,0.1738,0.144679480231303,0.0388,0.3775,5,0.3387
Virginia,Louisa County,0.18712222222222222,0.2298,0.10688377774220205,0.0483,0.308,9,0.2597
Missouri,Howell County,0.18711,0.16870000000000002,0.11420941243561708,0.0118,0.3748,10,0.36300000000000004
Nebraska,Hooker County,0.187,0.187,,0.187,0.187,1,0.0
Minnesota,Fillmore County,0.18673333333333333,0.21775,0.11259189432044683,0.0176,0.3268,6,0.3092
Tennessee,Henderson County,0.1867285714285714,0.1592,0.11707159795449555,0.0542,0.3229,7,0.26870000000000005
Minnesota,Traverse County,0.1864,0.1864,0.06321534623807734,0.1417,0.2311,2,0.08940000000000001
Georgia,Lumpkin County,0.1863875,0.2049,0.06987888374077782,0.0686,0.2606,8,0.192
Tennessee,Houston County,0.18543333333333334,0.1839,0.0029194748386196586,0.1836,0.1888,3,0.005199999999999982
Kentucky,Russell County,0.18524000000000002,0.1129,0.13192557750489478,0.0491,0.3395,5,0.29040000000000005
Kansas,Comanche County,0.1848,0.1848,,0.1848,0.1848,1,0.0
Missouri,DeKalb County,0.1844333333333333,0.2307,0.10912242360456137,0.0598,0.2628,3,0.20299999999999999
South Carolina,Beaufort County,0.18439999999999998,0.12675,0.1571773086086647,0.0245,0.6766,42,0.6521
Arizona,Gila County,0.18438125,0.11230000000000001,0.16047926644377875,0.0133,0.5823,16,0.5690000000000001
Arkansas,Carroll County,0.1841625,0.18475,0.07701493245746938,0.0845,0.3056,8,0.22109999999999996
Georgia,Bulloch County,0.18406,0.12005,0.15466922396554933,0.0231,0.4826,20,0.45949999999999996
Michigan,Arenac County,0.18392,0.1978,0.07470218872295509,0.0844,0.287,5,0.20259999999999997
Oklahoma,Ellis County,0.18385,0.18385,0.11108647532440663,0.1053,0.2624,2,0.15710000000000002
New Mexico,Quay County,0.1831666666666667,0.157,0.05999436084611066,0.1407,0.2518,3,0.11110000000000003
Arkansas,Van Buren County,0.18298333333333336,0.1412,0.1588637959595158,0.0145,0.3846,6,0.3701
Georgia,Calhoun County,0.18280000000000002,0.18280000000000002,0.11851109652686538,0.099,0.2666,2,0.1676
Virginia,Smyth County,0.1826777777777778,0.2156,0.08712899600273404,0.0074,0.2743,9,0.26689999999999997
Oklahoma,Cherokee County,0.1826,0.1955,0.09235728630342781,0.0473,0.3601,13,0.31279999999999997
Georgia,Fannin County,0.18253999999999998,0.1347,0.1638764260044745,0.0102,0.3834,5,0.37320000000000003
Missouri,Worth County,0.1823,0.1823,,0.1823,0.1823,1,0.0
South Dakota,Butte County,0.1821,0.2252,0.09710988621144606,0.0709,0.2502,3,0.17929999999999996
Alabama,Macon County,0.18201666666666663,0.06105000000000001,0.21948351287566548,0.0386,0.7441,12,0.7055
Idaho,Camas County,0.182,0.182,,0.182,0.182,1,0.0
Vermont,Windham County,0.1819222222222222,0.10795,0.179726503186682,0.0079,0.5489,18,0.541
New Mexico,Curry County,0.18189285714285713,0.12819999999999998,0.1992601603018438,0.0004,0.6442,14,0.6438
North Dakota,Benson County,0.1815,0.2304,0.15235396286280184,0.0107,0.3034,3,0.2927
Colorado,Crowley County,0.18145,0.18145,0.04560838738653231,0.1492,0.2137,2,0.0645
Mississippi,Pontotoc County,0.18103333333333335,0.14335,0.15479751505326778,0.0371,0.4131,6,0.376
North Dakota,Pierce County,0.18055,0.18055,0.17882730496207785,0.0541,0.307,2,0.2529
North Carolina,Surry County,0.18043043478260867,0.1369,0.1728159095022073,0.0032,0.5506,23,0.5474
Missouri,Cass County,0.18015416666666664,0.1399,0.14261917969427068,0.0025,0.4421,24,0.4396
Virginia,Clarke County,0.1801,0.18514999999999998,0.10227456510133234,0.0503,0.2998,4,0.2495
Georgia,Paulding County,0.17992121212121212,0.1244,0.1249314856170567,0.0529,0.4988,33,0.4459
Texas,McCulloch County,0.17976666666666666,0.1347,0.12059047778880941,0.0882,0.3164,3,0.22820000000000001
Utah,Iron County,0.17973333333333333,0.12915,0.17407087027641324,0.011,0.5168,12,0.5058
South Dakota,Sanborn County,0.1794,0.1794,,0.1794,0.1794,1,0.0
Mississippi,Webster County,0.1789333333333333,0.2087,0.13169762083398975,0.0349,0.2932,3,0.25830000000000003
Alabama,Covington County,0.17852142857142855,0.1572,0.12165257706063816,0.016,0.404,14,0.388
West Virginia,Roane County,0.17844,0.1358,0.13196731792379507,0.0361,0.3491,5,0.313
Georgia,Harris County,0.17825714285714286,0.0875,0.17197039335442654,0.015,0.5044,7,0.48939999999999995
Georgia,Appling County,0.17808571428571426,0.1446,0.08826872659803184,0.0979,0.3226,7,0.2247
Tennessee,Claiborne County,0.1779666666666667,0.1481,0.11967373354249461,0.0446,0.4168,9,0.3722
Virginia,Russell County,0.17767777777777777,0.1874,0.08981685222965922,0.0554,0.3325,9,0.2771
Colorado,La Plata County,0.17719166666666666,0.1777,0.11475403307100193,0.0171,0.4115,12,0.3944
Texas,Wilson County,0.177175,0.15315,0.11520505927179665,0.0223,0.4198,12,0.3975
Georgia,Pulaski County,0.177075,0.06715,0.22803934419305807,0.055,0.519,4,0.464
Oklahoma,Okfuskee County,0.176825,0.1852,0.07562937590645583,0.0887,0.2482,4,0.1595
Georgia,Chattooga County,0.17652222222222222,0.1333,0.124810083504677,0.062,0.3835,9,0.3215
South Dakota,Haakon County,0.1763,0.1763,,0.1763,0.1763,1,0.0
Missouri,Dade County,0.17609999999999998,0.17609999999999998,0.11327850634608491,0.096,0.2562,2,0.16019999999999998
Georgia,Marion County,0.17605,0.17605,0.18929248532363877,0.0422,0.3099,2,0.2677
Wisconsin,Iowa County,0.17578333333333332,0.1933,0.11487433859076913,0.0258,0.2998,6,0.274
Mississippi,Leake County,0.17569999999999997,0.16385,0.1316304220155812,0.0284,0.3872,6,0.3588
North Carolina,Lenoir County,0.17558235294117647,0.1646,0.1296540407936353,0.0022,0.4603,17,0.4581
Colorado,Delta County,0.17512222222222223,0.1601,0.16287653128810314,0.0155,0.392,9,0.3765
Kentucky,Letcher County,0.17512,0.17120000000000002,0.044896369563696345,0.1161,0.24,10,0.1239
Texas,Kenedy County,0.1751,0.1751,,0.1751,0.1751,1,0.0
North Carolina,Chatham County,0.1751,0.1307,0.16251261831350547,0.0098,0.5755,19,0.5657
Minnesota,Carlton County,0.17507777777777778,0.1868,0.10036246531669321,0.047,0.3406,9,0.2936
Arkansas,Madison County,0.174875,0.10305,0.19053054654481696,0.0372,0.4562,4,0.419
Missouri,Crawford County,0.17481249999999998,0.13635,0.12957236739697683,0.0473,0.4553,8,0.408
South Dakota,Day County,0.1745,0.1359,0.06807319589970783,0.1345,0.2531,3,0.11859999999999998
Texas,Throckmorton County,0.1743,0.1743,,0.1743,0.1743,1,0.0
Florida,Flagler County,0.17385217391304347,0.1663,0.11922410475298273,0.0129,0.4359,23,0.423
Georgia,Brantley County,0.17376,0.1288,0.09185245233525341,0.097,0.2902,5,0.1932
Wisconsin,Lafayette County,0.17364000000000002,0.1288,0.11682351218825772,0.0422,0.3263,5,0.28409999999999996
Georgia,Randolph County,0.17354999999999998,0.17354999999999998,0.13456242045979996,0.0784,0.2687,2,0.1903
Wyoming,Sublette County,0.17336666666666667,0.2442,0.12555565830870918,0.0284,0.2475,3,0.2191
Georgia,Echols County,0.1732,0.1732,0.023900209204105304,0.1563,0.1901,2,0.0338
Texas,Burnet County,0.17302,0.0898,0.17383345149062324,0.0308,0.6737,15,0.6428999999999999
Alabama,Barbour County,0.17272222222222222,0.1616,0.10370252863090873,0.0581,0.3985,9,0.34040000000000004
Minnesota,Crow Wing County,0.17233809523809523,0.0866,0.1939906736835317,0.0019,0.5563,21,0.5544
New Mexico,Hidalgo County,0.1723,0.1723,0.0787716954241814,0.1166,0.228,2,0.11140000000000001
South Dakota,Faulk County,0.1721,0.1721,,0.1721,0.1721,1,0.0
Texas,Lynn County,0.17179999999999998,0.1651,0.012747156545677167,0.1638,0.1865,3,0.022699999999999998
Texas,Dimmit County,0.17153333333333332,0.1902,0.13308547378783808,0.0301,0.2943,3,0.2642
Virginia,Lee County,0.1712857142857143,0.2232,0.08365250401853748,0.0574,0.2449,7,0.1875
Alabama,Lawrence County,0.17108181818181817,0.0709,0.18646515394669225,0.0288,0.5597,11,0.5308999999999999
Georgia,Franklin County,0.17079999999999998,0.1626,0.09282091820889758,0.0589,0.3505,8,0.29159999999999997
Florida,Holmes County,0.17077142857142857,0.1475,0.10792283839678721,0.0416,0.3115,7,0.26990000000000003
Kentucky,Lawrence County,0.17074999999999999,0.144,0.15432926812500602,0.0148,0.388,6,0.37320000000000003
Alabama,Baldwin County,0.1707186046511628,0.1128,0.15849166007172855,0.0026,0.6263,43,0.6236999999999999
Massachusetts,Dukes County,0.1706,0.1509,0.09514802502767289,0.0876,0.293,4,0.20539999999999997
Tennessee,Cannon County,0.17049999999999998,0.17809999999999998,0.02487100051599588,0.1361,0.1897,4,0.05360000000000001
Kentucky,Grant County,0.17047142857142858,0.1441,0.0876717117867505,0.0731,0.2815,7,0.20839999999999997
Missouri,Reynolds County,0.17035,0.17035,0.20555594129092936,0.025,0.3157,2,0.29069999999999996
New Mexico,Santa Fe County,0.1701877192982456,0.1678,0.11254933532547189,0.0067,0.4568,57,0.4501
Louisiana,Vernon Parish,0.17001249999999998,0.15610000000000002,0.10869194925721654,0.0357,0.3848,16,0.34909999999999997
Texas,Lamb County,0.16974,0.1649,0.13029302744199323,0.0416,0.3251,5,0.2835
Vermont,Addison County,0.16970000000000002,0.1906,0.1300660430533487,0.0029,0.374,10,0.3711
Alabama,Pickens County,0.1691666666666667,0.15860000000000002,0.08631569189125848,0.0888,0.2642,6,0.1754
Texas,Armstrong County,0.1691,0.1691,,0.1691,0.1691,1,0.0
Texas,San Jacinto County,0.1690888888888889,0.1368,0.09112002310749878,0.0759,0.3127,9,0.23679999999999998
Nebraska,Polk County,0.16895,0.16895,0.02750645378815672,0.1495,0.1884,2,0.03890000000000002
Alabama,Winston County,0.16876249999999998,0.10155,0.17741927691609097,0.0121,0.5203,8,0.5082
Wisconsin,Marquette County,0.16862,0.1482,0.11357091176881517,0.0397,0.3328,5,0.29309999999999997
Texas,Van Zandt County,0.16825714285714286,0.13424999999999998,0.11333491358519067,0.0694,0.4482,14,0.37879999999999997
Texas,Donley County,0.16825,0.16825,0.069225753878163,0.1193,0.2172,2,0.0979
Alabama,Blount County,0.168025,0.11015,0.14472231571760683,0.027,0.4741,16,0.4471
Mississippi,Hancock County,0.1679235294117647,0.0871,0.1958473848734384,0.0253,0.6535,17,0.6282
North Carolina,Swain County,0.16768,0.2336,0.13305460157394033,0.009,0.2916,5,0.2826
Utah,Sanpete County,0.16744285714285714,0.1363,0.13043974160690516,0.0318,0.4115,7,0.3797
Texas,Oldham County,0.1672,0.1672,,0.1672,0.1672,1,0.0
Texas,Dawson County,0.16715,0.14845,0.10339730815322674,0.0732,0.2985,4,0.2253
New Hampshire,Carroll County,0.1671315789473684,0.15,0.11106515631541884,0.0169,0.3517,19,0.3348
Maine,York County,0.16712586206896554,0.0916,0.18070232627979094,0.0011,0.6247,58,0.6236
Mississippi,Calhoun County,0.1666,0.1374,0.08504584058024237,0.0931,0.3124,5,0.2193
Mississippi,Franklin County,0.16636666666666666,0.133,0.10423542264188951,0.0829,0.2832,3,0.2003
North Carolina,Camden County,0.16635,0.16635,0.09043895731375944,0.1024,0.2303,2,0.1279
Nebraska,Thomas County,0.1663,0.1663,,0.1663,0.1663,1,0.0
Tennessee,White County,0.16593333333333335,0.1396,0.1082865765765391,0.034,0.3355,6,0.3015
Missouri,Shelby County,0.16573333333333332,0.1939,0.08675012007676607,0.0684,0.2349,3,0.16649999999999998
Mississippi,Simpson County,0.16571111111111111,0.1802,0.08950187769600765,0.048,0.277,9,0.22900000000000004
South Dakota,Miner County,0.1657,0.1657,,0.1657,0.1657,1,0.0
North Carolina,Jackson County,0.16564444444444443,0.0681,0.16695113889332344,0.0157,0.4473,9,0.4316
South Carolina,Abbeville County,0.16564285714285715,0.1555,0.10561928260096665,0.0178,0.3101,7,0.2923
Texas,Gray County,0.1655,0.1271,0.12423878889729514,0.054,0.388,7,0.334
Kentucky,Harrison County,0.16538,0.102,0.14585861990297316,0.0375,0.3443,5,0.3068
South Dakota,Hyde County,0.165,0.165,,0.165,0.165,1,0.0
Virginia,Dickenson County,0.16465,0.15639999999999998,0.0919442403488839,0.0609,0.2849,4,0.22399999999999998
Missouri,Henry County,0.16451666666666667,0.1359,0.11188410819534056,0.0673,0.3405,6,0.2732
Georgia,Dawson County,0.16328571428571428,0.0744,0.13589882791463445,0.032,0.3626,7,0.3306
West Virginia,Preston County,0.16298181818181817,0.1128,0.1261611494730594,0.0306,0.4086,11,0.378
Arkansas,Marion County,0.1629,0.1693,0.16384059326064465,0.0049,0.3869,5,0.382
Missouri,Ste. Genevieve County,0.16262000000000001,0.0762,0.17129361342443564,0.0292,0.4435,5,0.4143
Maine,Sagadahoc County,0.162375,0.1332,0.16573017442302324,0.013,0.5357,8,0.5226999999999999
Ohio,Adams County,0.16232857142857143,0.1106,0.10137339746839756,0.0734,0.3414,7,0.26799999999999996
Virginia,Spotsylvania County,0.1622558823529412,0.06925,0.238104497292714,0.0124,0.9261,34,0.9137000000000001
Tennessee,Hardin County,0.16190000000000002,0.12325,0.09600443442139238,0.0646,0.3108,8,0.24620000000000003
Texas,Edwards County,0.1618,0.1618,,0.1618,0.1618,1,0.0
North Carolina,Johnston County,0.1613377358490566,0.0625,0.18081295608192108,0.0049,0.6337,53,0.6288
Texas,Zavala County,0.161075,0.16804999999999998,0.10821510600034853,0.0497,0.2585,4,0.2088
Alabama,Choctaw County,0.16072499999999998,0.1712,0.10290268461026661,0.0372,0.2633,4,0.22609999999999997
Colorado,Chaffee County,0.16055,0.14045000000000002,0.08836249770123071,0.0671,0.2671,6,0.2
Kentucky,Carlisle County,0.16023333333333334,0.1194,0.12870347055667666,0.0569,0.3044,3,0.2475
Missouri,Gasconade County,0.1599,0.1628,0.07749209637117839,0.0665,0.2379,5,0.1714
Kentucky,McCreary County,0.15935,0.1641,0.10864182896104059,0.037,0.2885,6,0.2515
Nebraska,Rock County,0.1586,0.1586,,0.1586,0.1586,1,0.0
Arkansas,Cleburne County,0.1586,0.136,0.1088413983739643,0.006,0.309,9,0.303
Kentucky,Knott County,0.15834,0.1519,0.10343859531142137,0.0227,0.3032,5,0.2805
West Virginia,Hardy County,0.15828,0.1714,0.14541838604523158,0.0185,0.3714,5,0.3529
Minnesota,Murray County,0.15813333333333332,0.1202,0.1339896015865908,0.0472,0.307,3,0.2598
West Virginia,Lincoln County,0.15811666666666668,0.0826,0.15308892078353242,0.0389,0.4102,6,0.3713
Wisconsin,Oconto County,0.15784545454545454,0.1265,0.13441106623813653,0.0083,0.4254,11,0.4171
Virginia,Bedford County,0.157765,0.1081,0.11866983066696572,0.0174,0.4886,20,0.47119999999999995
Michigan,Roscommon County,0.15743846153846153,0.1582,0.1046229542887342,0.0383,0.4243,13,0.386
Colorado,Grand County,0.15716666666666668,0.1524,0.10349828339961328,0.027,0.3225,6,0.2955
Nebraska,Knox County,0.15713333333333335,0.1715,0.03804212577306023,0.114,0.1859,3,0.0719
Georgia,Tattnall County,0.15712857142857142,0.133,0.10654069198019622,0.0214,0.3579,7,0.3365
Georgia,Pierce County,0.15691666666666668,0.1386,0.06314581274056631,0.093,0.2482,6,0.1552
Nebraska,Brown County,0.1569,0.1569,,0.1569,0.1569,1,0.0
Mississippi,Perry County,0.15593333333333334,0.1847,0.08795205133101405,0.0572,0.2259,3,0.1687
Missouri,Lincoln County,0.15588461538461537,0.1394,0.11743808898134261,0.0288,0.4199,13,0.3911
Michigan,Houghton County,0.15578,0.0862,0.18845920749299802,0.0122,0.6062,10,0.594
Illinois,Brown County,0.15545,0.15545,0.09595439020701449,0.0876,0.2233,2,0.1357
Michigan,Alger County,0.15543333333333334,0.1921,0.08532861966147895,0.0579,0.2163,3,0.15839999999999999
Florida,Hardee County,0.1554,0.1247,0.1198815486815453,0.0241,0.336,8,0.3119
Idaho,Adams County,0.15535,0.15535,0.016334166645409244,0.1438,0.1669,2,0.02309999999999998
Georgia,Baker County,0.1553,0.1553,0.0179605122421383,0.1426,0.168,2,0.025400000000000006
Pennsylvania,Wyoming County,0.15508571428571427,0.1617,0.11723892170224341,0.0205,0.384,7,0.3635
Oklahoma,Greer County,0.155,0.155,0.1729583186782295,0.0327,0.2773,2,0.24459999999999998
Idaho,Blaine County,0.1547625,0.13015,0.11959255755032824,0.0209,0.396,8,0.37510000000000004
South Dakota,Jackson County,0.1545,0.1545,0.15994755390439705,0.0414,0.2676,2,0.2262
Kentucky,Grayson County,0.1542888888888889,0.1129,0.12919218672625335,0.003,0.3468,9,0.3438
Utah,Sevier County,0.15394,0.0635,0.21988083818286666,0.0196,0.5437,5,0.5241
Kentucky,Clay County,0.1535,0.0874,0.14870872776769262,0.0423,0.4348,8,0.3925
Mississippi,Smith County,0.15338000000000002,0.0621,0.14729515266973317,0.0354,0.3776,5,0.3422
New Hampshire,Belknap County,0.15306111111111112,0.13605,0.10687156194064905,0.0137,0.3056,18,0.2919
Texas,Starr County,0.15287647058823528,0.1039,0.12498599686270742,0.0307,0.3996,17,0.3689
Alabama,Geneva County,0.15275,0.0726,0.16713238764524369,0.0316,0.4548,6,0.42319999999999997
Wisconsin,Rusk County,0.15242,0.1555,0.12163259020509265,0.0269,0.3437,5,0.3168
Kansas,Chautauqua County,0.1521,0.1521,,0.1521,0.1521,1,0.0
Florida,Franklin County,0.15208,0.1872,0.06603080341779888,0.0516,0.2082,5,0.1566
Florida,Washington County,0.15095714285714285,0.0861,0.12315435920208505,0.04,0.3702,7,0.3302
Florida,Citrus County,0.15092682926829268,0.099,0.14370353688129994,0.005,0.5288,41,0.5238
New York,Essex County,0.15039444444444444,0.14450000000000002,0.1008719541983343,0.0079,0.3784,18,0.3705
Virginia,Charlotte County,0.15015,0.15835,0.04847628286079699,0.0848,0.1991,4,0.1143
Indiana,Orange County,0.15005,0.15065,0.09688260421768191,0.0285,0.2879,6,0.25939999999999996
Alabama,Hale County,0.15,0.1327,0.10997154177331514,0.0154,0.2991,7,0.28369999999999995
Montana,Garfield County,0.1499,0.1499,,0.1499,0.1499,1,0.0
Mississippi,Attala County,0.14959999999999998,0.12145,0.09813576310397752,0.0557,0.3106,6,0.2549
Wisconsin,Washburn County,0.14955,0.13745,0.1297475818657134,0.0085,0.3322,6,0.3237
Missouri,Knox County,0.1495,0.1495,0.032526911934581175,0.1265,0.1725,2,0.045999999999999985
Texas,Duval County,0.14946666666666666,0.1321,0.09149460822001115,0.0679,0.2484,3,0.1805
Texas,Young County,0.14922,0.137,0.08894181806102233,0.0581,0.2815,5,0.2234
Colorado,Elbert County,0.1490142857142857,0.1358,0.05988879774413656,0.1009,0.2747,7,0.1738
Mississippi,Choctaw County,0.14833333333333332,0.162,0.08522583724043625,0.0571,0.2259,3,0.1688
Utah,Kane County,0.1481,0.1481,0.08966113985445422,0.0847,0.2115,2,0.1268
Mississippi,Humphreys County,0.148,0.1675,0.08357397920405608,0.0564,0.2201,3,0.16369999999999998
Florida,Hernando County,0.14796304347826086,0.07735,0.15197616970900502,0.0098,0.6373,46,0.6275
Montana,Granite County,0.1477,0.1477,0.08980256121069154,0.0842,0.2112,2,0.127
Georgia,Johnson County,0.147425,0.1723,0.05882739582881431,0.06,0.1851,4,0.1251
Georgia,White County,0.14736666666666667,0.1535,0.10449248776826016,0.0027,0.311,9,0.3083
Florida,Lafayette County,0.147,0.1455,0.06606277317824313,0.0817,0.2138,3,0.1321
Minnesota,Chisago County,0.1469076923076923,0.0765,0.1154645216905642,0.0312,0.3977,13,0.3665
Florida,Sarasota County,0.14681311475409836,0.10135,0.14877244532418896,0.0004,0.6681,122,0.6677000000000001
North Dakota,Rolette County,0.146475,0.15410000000000001,0.11505466454400418,0.0145,0.2632,4,0.24869999999999998
Georgia,Miller County,0.14643333333333333,0.1318,0.03335151170986606,0.1229,0.1846,3,0.06169999999999999
Missouri,Maries County,0.14626666666666666,0.1402,0.07338830515370508,0.0761,0.2225,3,0.1464
Michigan,Oscoda County,0.14608,0.1553,0.09391273609047922,0.0309,0.284,5,0.2531
Kentucky,Breathitt County,0.1459,0.1198,0.12042267228391837,0.0259,0.3839,7,0.35800000000000004
Texas,Madison County,0.145225,0.13955,0.09335417773190442,0.0502,0.2516,4,0.2014
Missouri,Lewis County,0.14495,0.138,0.05562766098504113,0.093,0.2108,4,0.11779999999999999
New Mexico,Los Alamos County,0.1446,0.1139,0.1231343439770833,0.0317,0.3189,4,0.2872
Missouri,Sullivan County,0.14459999999999998,0.141,0.029266533788612555,0.1173,0.1755,3,0.05819999999999999
North Carolina,Stokes County,0.14385384615384617,0.0985,0.12329500270614252,0.0028,0.4132,13,0.4104
Alabama,Randolph County,0.14348333333333332,0.13135,0.10076075459556,0.0388,0.3258,6,0.287
Montana,Meagher County,0.1433,0.1433,,0.1433,0.1433,1,0.0
Texas,Bailey County,0.14179999999999998,0.14179999999999998,0.07679179643685906,0.0875,0.1961,2,0.1086
Oklahoma,Harper County,0.1416,0.1416,0.06024549775709385,0.099,0.1842,2,0.0852
Michigan,Marquette County,0.14140384615384616,0.14,0.1178205261599836,0.0031,0.5527,26,0.5496
North Carolina,Bladen County,0.1413,0.0689,0.1461156665111582,0.0182,0.455,11,0.4368
Virginia,Lancaster County,0.14115,0.1035,0.08240264963377493,0.0931,0.2645,4,0.1714
Alabama,Cleburne County,0.141125,0.12215000000000001,0.06798496770120092,0.088,0.2322,4,0.1442
Mississippi,Walthall County,0.14104,0.0688,0.1385925791664186,0.0293,0.3452,5,0.3159
South Dakota,Tripp County,0.1404,0.1404,0.07863027406794408,0.0848,0.196,2,0.11120000000000001
New Mexico,Luna County,0.1404,0.0785,0.1306653741432672,0.0171,0.3671,7,0.35
Colorado,Montezuma County,0.1403125,0.1136,0.06438669865962778,0.0804,0.2688,8,0.18839999999999998
South Dakota,Hand County,0.14015,0.14015,0.035567471093683335,0.115,0.1653,2,0.0503
Montana,Ravalli County,0.1401153846153846,0.0723,0.12178251000693714,0.0345,0.3667,13,0.33220000000000005
Mississippi,Amite County,0.140075,0.1136,0.061172617784975215,0.1017,0.2314,4,0.12969999999999998
Michigan,Montmorency County,0.13948,0.153,0.0491605227799705,0.0627,0.1806,5,0.1179
North Carolina,Moore County,0.13902758620689656,0.07,0.1654995207083084,0.0032,0.5993,29,0.5961000000000001
Virginia,Bath County,0.13895,0.13895,0.04051721856198918,0.1103,0.1676,2,0.057300000000000004
Oregon,Harney County,0.1388,0.1385,0.030451108354212653,0.1085,0.1694,3,0.060899999999999996
North Carolina,Yadkin County,0.13862222222222223,0.1403,0.1126819393001578,0.0118,0.3139,9,0.30210000000000004
Alabama,Coosa County,0.13849999999999998,0.1576,0.04139818836615921,0.091,0.1669,3,0.0759
Texas,Delta County,0.1381,0.1381,0.03592102448427662,0.1127,0.1635,2,0.05080000000000001
Missouri,Putnam County,0.13795,0.13795,0.1331482068974269,0.0438,0.2321,2,0.1883
New York,Lewis County,0.13747777777777775,0.1247,0.08646750513600147,0.0066,0.2583,9,0.2517
Florida,Walton County,0.137255,0.0862,0.12203531617829669,0.01,0.3866,20,0.3766
Alabama,Bullock County,0.137,0.1048,0.07255756335489776,0.0933,0.2451,4,0.15180000000000002
Vermont,Essex County,0.13693333333333332,0.1339,0.03804081141791448,0.1005,0.1764,3,0.0759
Michigan,Cheboygan County,0.13677777777777778,0.1163,0.07479439781457195,0.0321,0.2457,9,0.2136
Texas,Concho County,0.1367,0.1367,,0.1367,0.1367,1,0.0
Utah,Daggett County,0.1363,0.1363,,0.1363,0.1363,1,0.0
South Dakota,McPherson County,0.1359,0.1359,,0.1359,0.1359,1,0.0
Vermont,Caledonia County,0.13583,0.1408,0.09101260047072847,0.0017,0.3146,10,0.3129
Pennsylvania,Susquehanna County,0.13554166666666667,0.12084999999999999,0.12439219106105373,0.0109,0.4458,12,0.43489999999999995
Mississippi,Jefferson Davis County,0.1355,0.15165,0.07331716488426612,0.0341,0.2046,4,0.1705
Tennessee,Morgan County,0.1353,0.1103,0.07481804595149487,0.0602,0.2542,5,0.19399999999999998
Maine,Oxford County,0.13478947368421051,0.0778,0.12400541159668459,0.0017,0.3608,19,0.35910000000000003
Arkansas,Montgomery County,0.13476666666666667,0.1161,0.05378683234150654,0.0928,0.1954,3,0.1026
Montana,Powder River County,0.1346,0.1346,,0.1346,0.1346,1,0.0
Louisiana,West Carroll Parish,0.13446666666666665,0.175,0.08163273444723836,0.0405,0.1879,3,0.1474
Maine,Somerset County,0.134385,0.08280000000000001,0.15457212683642818,0.005,0.5412,20,0.5362
Ohio,Highland County,0.13403636363636362,0.1184,0.06342960306871347,0.0318,0.2597,11,0.2279
Wyoming,Johnson County,0.13373333333333334,0.1609,0.06739023173526955,0.057,0.1833,3,0.1263
South Dakota,Hanson County,0.1335,0.1335,,0.1335,0.1335,1,0.0
Texas,Kerr County,0.13349285714285714,0.09425,0.10114221110956528,0.0235,0.3473,14,0.3238
Tennessee,Perry County,0.13343333333333332,0.1582,0.09636723163676195,0.0271,0.215,3,0.1879
Texas,Lipscomb County,0.13285,0.13285,0.10260119395016805,0.0603,0.2054,2,0.1451
Montana,Petroleum County,0.1328,0.1328,,0.1328,0.1328,1,0.0
Minnesota,Kanabec County,0.1327,0.15105000000000002,0.08439727483752069,0.0194,0.2093,4,0.1899
Georgia,Webster County,0.13235,0.13235,0.01534421715174808,0.1215,0.1432,2,0.021699999999999997
Virginia,Westmoreland County,0.13219999999999998,0.1288,0.11182691983596793,0.0057,0.3333,6,0.3276
North Carolina,Wilkes County,0.13219999999999998,0.13215,0.13381074431493775,0.0029,0.4338,18,0.4309
Wisconsin,Vernon County,0.13185714285714287,0.1262,0.11531779072260645,0.0162,0.3617,7,0.34550000000000003
South Dakota,Charles Mix County,0.13183333333333333,0.1601,0.05702195483612723,0.0662,0.1692,3,0.103
North Carolina,Harnett County,0.13182857142857143,0.077,0.14824604387237295,0.0043,0.5854,28,0.5811000000000001
North Dakota,Hettinger County,0.13140000000000002,0.13140000000000002,0.06745798692519665,0.0837,0.1791,2,0.09540000000000001
New Mexico,Harding County,0.1311,0.1311,,0.1311,0.1311,1,0.0
Utah,Washington County,0.13030857142857144,0.0825,0.1381371917620275,0.0002,0.4481,35,0.4479
Texas,Glasscock County,0.1302,0.1302,,0.1302,0.1302,1,0.0
Florida,Union County,0.1301,0.126,0.04782014917026782,0.0765,0.1919,4,0.11539999999999999
Georgia,Grady County,0.1287125,0.1296,0.05779751446707227,0.032,0.2314,8,0.1994
Texas,Kendall County,0.12865555555555555,0.1427,0.06526743275001536,0.0451,0.2391,9,0.194
Missouri,Howard County,0.12756666666666666,0.1163,0.11262345818404501,0.021,0.2454,3,0.22440000000000002
Nebraska,Arthur County,0.1275,0.1275,,0.1275,0.1275,1,0.0
Nebraska,Howard County,0.1275,0.1275,0.023900209204105304,0.1106,0.1444,2,0.0338
Alabama,Crenshaw County,0.1271,0.11864999999999999,0.07301753214126043,0.045,0.2348,6,0.18980000000000002
Wisconsin,Adams County,0.1270625,0.06534999999999999,0.13467756136682268,0.0061,0.3292,8,0.3231
North Carolina,Caswell County,0.12705,0.0786,0.10890285120234455,0.0326,0.3218,6,0.28919999999999996
Nevada,Esmeralda County,0.1268,0.1268,,0.1268,0.1268,1,0.0
Tennessee,Macon County,0.12666,0.0926,0.0705427033788754,0.0641,0.2285,5,0.1644
North Carolina,Mitchell County,0.12645,0.1342,0.10710544648460538,0.0169,0.2205,4,0.2036
Virginia,Nelson County,0.12628,0.0708,0.1391212133357095,0.0036,0.3612,5,0.35760000000000003
Wisconsin,Burnett County,0.12526666666666667,0.09390000000000001,0.13561115981609578,0.0053,0.386,6,0.3807
Virginia,Cumberland County,0.12466666666666666,0.0758,0.09818820363634999,0.0605,0.2377,3,0.1772
Kentucky,Lewis County,0.1246,0.12175,0.08293808935987533,0.0328,0.2221,4,0.1893
Texas,Crosby County,0.12430000000000001,0.1127,0.08519436601090473,0.0455,0.2147,3,0.16920000000000002
Mississippi,Carroll County,0.12426666666666665,0.1455,0.039403849219756856,0.0788,0.1485,3,0.0697
Tennessee,Decatur County,0.12408000000000001,0.0946,0.05669088992069184,0.0844,0.2179,5,0.1335
Texas,Hall County,0.1237,0.1237,,0.1237,0.1237,1,0.0
Florida,Gulf County,0.1236,0.0379,0.12676071946782252,0.0303,0.3073,5,0.277
North Carolina,Alexander County,0.12354285714285715,0.1205,0.1184880142622431,0.0061,0.2894,7,0.2833
Virginia,Surry County,0.1233,0.1233,0.021496046148071053,0.1081,0.1385,2,0.03040000000000001
North Carolina,Warren County,0.12321428571428572,0.0826,0.10768097059634739,0.0324,0.3175,7,0.2851
Nebraska,Franklin County,0.1232,0.1232,0.08004448763031716,0.0666,0.1798,2,0.11319999999999998
Maine,Waldo County,0.1224625,0.0706,0.1206317529567923,0.0059,0.2961,8,0.29019999999999996
South Dakota,Aurora County,0.1223,0.1223,,0.1223,0.1223,1,0.0
Mississippi,George County,0.12225000000000001,0.1273,0.09320615323035278,0.0272,0.2121,6,0.1849
Arkansas,Pike County,0.12216666666666666,0.1272,0.01058883059328712,0.11,0.1293,3,0.019299999999999998
Mississippi,Lawrence County,0.12150000000000001,0.1315,0.03421417834757983,0.0834,0.1496,3,0.06620000000000001
Mississippi,Holmes County,0.12146666666666667,0.11975,0.071150872564338,0.044,0.2099,6,0.1659
Colorado,Mineral County,0.1211,0.1211,,0.1211,0.1211,1,0.0
Nevada,Lincoln County,0.12109999999999999,0.12109999999999999,0.06052834046956846,0.0783,0.1639,2,0.0856
Michigan,Missaukee County,0.12104000000000001,0.1275,0.05707304968196462,0.052,0.203,5,0.15100000000000002
Georgia,Stewart County,0.1209,0.1209,0.11709688296449226,0.0381,0.2037,2,0.1656
Colorado,Gunnison County,0.12048333333333333,0.0617,0.13843036396205372,0.0392,0.3973,6,0.3581
Colorado,Costilla County,0.12040000000000001,0.12040000000000001,0.07905453813665601,0.0645,0.1763,2,0.11180000000000001
North Carolina,Macon County,0.12025999999999999,0.035199999999999995,0.14624430245312123,0.0002,0.3689,10,0.3687
Kentucky,Hart County,0.12001666666666666,0.09939999999999999,0.06339013856008414,0.0706,0.2433,6,0.1727
Missouri,Texas County,0.11989999999999999,0.0983,0.11615653231738625,0.0114,0.3469,8,0.33549999999999996
Kentucky,Allen County,0.11986666666666668,0.0864,0.08197508564598557,0.0447,0.2624,6,0.21770000000000003
Mississippi,Lamar County,0.11981176470588235,0.1005,0.1162742764025697,0.0188,0.4864,17,0.4676
Missouri,Webster County,0.119575,0.09815,0.07467525407675939,0.039,0.2468,8,0.20779999999999998
Colorado,Las Animas County,0.11931666666666667,0.1106,0.05313866451715424,0.0555,0.2028,6,0.14730000000000001
Arizona,Navajo County,0.11892972972972973,0.0769,0.11477680966134246,0.0052,0.3651,37,0.3599
Alabama,Lowndes County,0.1189,0.118,0.08882368302804533,0.0252,0.2144,4,0.1892
Missouri,McDonald County,0.11878333333333334,0.1043,0.11782555608469102,0.0066,0.3351,6,0.3285
Alabama,Perry County,0.11860000000000001,0.10735,0.0586705491139578,0.0665,0.1932,4,0.1267
North Carolina,Perquimans County,0.11860000000000001,0.1097,0.09624783980259852,0.0134,0.2416,4,0.22820000000000001
Mississippi,Jefferson County,0.11855,0.11695,0.042688523047770106,0.078,0.1623,4,0.0843
Virginia,Giles County,0.118375,0.09605,0.08953183325871679,0.0386,0.2428,4,0.2042
Alabama,Cherokee County,0.118325,0.10135,0.08241206135719975,0.0417,0.286,8,0.24429999999999996
Washington,Pacific County,0.11822727272727272,0.105,0.11898470566345148,0.004,0.3201,11,0.3161
Montana,Carter County,0.118,0.118,,0.118,0.118,1,0.0
Arkansas,Searcy County,0.1179,0.1264,0.05613474859656896,0.058,0.1693,3,0.11130000000000001
Florida,Collier County,0.11757314814814815,0.0529,0.13446740188400974,0.0001,0.5343,108,0.5342
North Carolina,Transylvania County,0.11751666666666666,0.02765,0.16961231641242297,0.0004,0.5103,12,0.5099
New Mexico,San Miguel County,0.11749000000000001,0.07045000000000001,0.10281510319230558,0.0383,0.3607,10,0.3224
Mississippi,Wilkinson County,0.11646666666666666,0.0519,0.11759482698372974,0.0453,0.2522,3,0.20689999999999997
South Dakota,Deuel County,0.1162,0.1162,0.07339768388716364,0.0643,0.1681,2,0.1038
Vermont,Orange County,0.11599999999999999,0.03875,0.17005520018838327,0.0009,0.4376,10,0.4367
Minnesota,Aitkin County,0.1156375,0.1118,0.10032998323389816,0.0106,0.3371,8,0.3265
Kentucky,Carter County,0.1153125,0.06995,0.11367118541150673,0.0192,0.3358,8,0.3166
South Dakota,Gregory County,0.11505000000000001,0.11505000000000001,0.0617304219975856,0.0714,0.1587,2,0.0873
Utah,Piute County,0.1149,0.1149,,0.1149,0.1149,1,0.0
Georgia,Madison County,0.11488571428571429,0.0858,0.09983022969974958,0.0235,0.3058,7,0.2823
Florida,Calhoun County,0.1148,0.12240000000000001,0.040124888369522806,0.0654,0.149,4,0.0836
Minnesota,Cass County,0.11421818181818182,0.0767,0.09514839797055774,0.016,0.3664,11,0.3504
Missouri,Oregon County,0.11376666666666668,0.0671,0.13690132699624696,0.0063,0.2679,3,0.26160000000000005
Nebraska,Hayes County,0.1133,0.1133,,0.1133,0.1133,1,0.0
Texas,Irion County,0.1133,0.1133,,0.1133,0.1133,1,0.0
Texas,Real County,0.113,0.113,,0.113,0.113,1,0.0
Florida,Wakulla County,0.1128625,0.05165,0.10509764082577143,0.0261,0.274,8,0.2479
Wisconsin,Pierce County,0.1123875,0.036699999999999997,0.1348058862375294,0.0076,0.3276,8,0.32
Washington,San Juan County,0.11221249999999999,0.10350000000000001,0.04481184274273933,0.0318,0.1872,8,0.1554
Vermont,Washington County,0.11213,0.0738,0.11467933829412755,0.0003,0.3825,20,0.3822
New Mexico,Rio Arriba County,0.1117,0.0919,0.09945225990393582,0.0069,0.2867,11,0.2798
Arizona,Apache County,0.11160555555555557,0.0812,0.10275669992309487,0.0192,0.3576,18,0.3384
Michigan,Iron County,0.11146,0.1006,0.04354989092982897,0.0559,0.1719,5,0.11599999999999999
Tennessee,Wayne County,0.1112,0.105,0.06851515647407269,0.0468,0.188,4,0.1412
Virginia,Fluvanna County,0.1109,0.0554,0.12716410657099747,0.0116,0.316,5,0.3044
South Carolina,Horry County,0.11081688311688312,0.0554,0.1168470372150988,0.0023,0.4926,77,0.49029999999999996
Kentucky,Lincoln County,0.11062857142857142,0.0649,0.13150829776463682,0.0148,0.4026,7,0.38780000000000003
Virginia,Gloucester County,0.11036666666666667,0.1042,0.05856769587409086,0.0308,0.2013,9,0.1705
Arkansas,Fulton County,0.11025,0.12334999999999999,0.06254036030170171,0.023,0.1713,4,0.14830000000000002
Oklahoma,Delaware County,0.11006153846153846,0.0829,0.09323318023877496,0.0058,0.3235,13,0.3177
Pennsylvania,Cameron County,0.10994999999999999,0.10994999999999999,0.028496403281817854,0.0898,0.1301,2,0.04029999999999999
Tennessee,Overton County,0.109925,0.049600000000000005,0.1337516862377016,0.0113,0.3932,8,0.3819
New Mexico,Grant County,0.10951,0.09275,0.07277619345179667,0.0248,0.2372,10,0.2124
Minnesota,Lake County,0.10935,0.1073,0.08424224989081587,0.0246,0.1982,4,0.17359999999999998
Virginia,Prince Edward County,0.1093,0.1078,0.02320379279342065,0.0809,0.1482,6,0.0673
Virginia,Madison County,0.10875,0.0888,0.08986755068803572,0.0236,0.2338,4,0.2102
Missouri,Wright County,0.108675,0.10725000000000001,0.11206564668383737,0.0113,0.2089,4,0.1976
Vermont,Orleans County,0.10811,0.0959,0.09236043465082269,0.0129,0.3075,10,0.2946
West Virginia,Tucker County,0.10783333333333334,0.027,0.15460641426969754,0.0104,0.2861,3,0.2757
North Carolina,Duplin County,0.10736190476190476,0.0886,0.10079819182996526,0.002,0.3751,21,0.3731
Colorado,Saguache County,0.1072,0.1072,0.11172287142747452,0.0282,0.1862,2,0.158
Kentucky,Crittenden County,0.1071,0.1106,0.08145698251224384,0.0142,0.193,4,0.17880000000000001
Utah,Wayne County,0.1068,0.1068,,0.1068,0.1068,1,0.0
Texas,Zapata County,0.10660000000000001,0.08499999999999999,0.07666662898549798,0.0429,0.2577,6,0.2148
Arkansas,Sharp County,0.10646666666666667,0.10194999999999999,0.05380534050321275,0.0516,0.1893,6,0.1377
Virginia,Poquoson city,0.10643333333333332,0.0985,0.06397001901932912,0.0468,0.174,3,0.12719999999999998
West Virginia,Ritchie County,0.10626666666666666,0.1118,0.0359210708823294,0.0679,0.1391,3,0.0712
North Carolina,Onslow County,0.10608444444444444,0.0748,0.13354306413961745,0.0003,0.6163,45,0.616
Missouri,Osage County,0.10605,0.096,0.06523953300466416,0.0471,0.1851,4,0.13799999999999998
New York,Franklin County,0.10602,0.0797,0.08359185025211147,0.0026,0.2839,15,0.2813
South Dakota,Hamlin County,0.1056,0.1056,0.05614427842621188,0.0659,0.1453,2,0.07940000000000001
Arizona,Graham County,0.10525555555555556,0.1151,0.05137550756710611,0.0297,0.1719,9,0.1422
Kentucky,Washington County,0.10395,0.071,0.1062511960716992,0.0233,0.2505,4,0.2272
Michigan,Gogebic County,0.10378333333333334,0.0925,0.0534484206190105,0.0349,0.1674,6,0.1325
Florida,Charlotte County,0.1035695652173913,0.06425,0.12022137519235128,0.004,0.5524,46,0.5484
Kentucky,Marion County,0.10331666666666667,0.04085,0.14147414486989018,0.0077,0.3729,6,0.3652
Indiana,Brown County,0.10322,0.114,0.03320349379206953,0.0579,0.1432,5,0.08529999999999999
Kentucky,Bracken County,0.10260000000000001,0.1394,0.07275190719149567,0.0188,0.1496,3,0.1308
Kentucky,Rockcastle County,0.1021,0.132,0.0655013740313896,0.03,0.172,5,0.142
Tennessee,Chester County,0.10207999999999999,0.0878,0.06872464623408403,0.0351,0.2058,5,0.17070000000000002
Kentucky,Fleming County,0.10189999999999999,0.06155,0.09573230036582915,0.0402,0.2443,4,0.2041
Michigan,Alcona County,0.10185999999999999,0.0497,0.0858628150016059,0.0283,0.2049,5,0.1766
Wyoming,Teton County,0.10182857142857142,0.0835,0.08194753838657418,0.0009,0.2293,7,0.2284
North Carolina,Martin County,0.10173333333333334,0.0696,0.09110597492298003,0.0178,0.2763,6,0.2585
North Dakota,Kidder County,0.1015,0.1015,,0.1015,0.1015,1,0.0
Texas,Collingsworth County,0.1008,0.1008,,0.1008,0.1008,1,0.0
North Carolina,Franklin County,0.1007625,0.06595000000000001,0.09424279901757306,0.0056,0.2886,16,0.28300000000000003
Missouri,Wayne County,0.10022500000000001,0.05135,0.11604620846886812,0.0256,0.2726,4,0.247
Georgia,Talbot County,0.10003333333333332,0.0963,0.054995120995715005,0.047,0.1568,3,0.1098
Georgia,Lanier County,0.09983333333333333,0.1071,0.07327075360151097,0.0232,0.1692,3,0.146
Indiana,Ohio County,0.09965,0.09965,0.0009192388155425087,0.099,0.1003,2,0.0012999999999999956
Michigan,Mackinac County,0.09956000000000001,0.0789,0.06407376998429233,0.0261,0.1975,5,0.1714
North Carolina,Sampson County,0.09933,0.0508,0.12350744746349254,0.0014,0.471,20,0.46959999999999996
Georgia,Oglethorpe County,0.09915,0.08360000000000001,0.06020122091785183,0.0353,0.2015,6,0.16620000000000001
Montana,Madison County,0.099025,0.0799,0.0808549885082341,0.0302,0.2061,4,0.1759
Texas,Callahan County,0.09873333333333334,0.1133,0.02939461401912489,0.0649,0.118,3,0.053099999999999994
Tennessee,Cumberland County,0.09872941176470587,0.0853,0.08521496174899308,0.0068,0.3006,17,0.2938
West Virginia,Summers County,0.0984,0.08015,0.047373902801718444,0.0651,0.1682,4,0.10309999999999998
Florida,Levy County,0.098125,0.09359999999999999,0.06837054289943614,0.0042,0.2314,12,0.22719999999999999
Wisconsin,Polk County,0.09792857142857143,0.053500000000000006,0.12786131566645184,0.0071,0.4767,14,0.4696
North Carolina,Washington County,0.097625,0.0863,0.06003489957238761,0.0457,0.1722,4,0.1265
Texas,Schleicher County,0.0975,0.0975,,0.0975,0.0975,1,0.0
Maine,Knox County,0.09729166666666667,0.0394,0.11395449217946077,0.0056,0.3942,12,0.3886
Mississippi,Benton County,0.09686666666666666,0.0901,0.047115850128521854,0.0535,0.147,3,0.0935
Missouri,Dallas County,0.096325,0.029249999999999998,0.15062570331786007,0.0062,0.3206,4,0.3144
Maine,Piscataquis County,0.0962875,0.05015,0.09142888629968102,0.0132,0.2723,8,0.2591
Texas,Haskell County,0.09555,0.09555,0.002899137802864854,0.0935,0.0976,2,0.004100000000000006
North Carolina,Jones County,0.09500000000000001,0.0789,0.031503491869949905,0.0748,0.1313,3,0.056499999999999995
North Carolina,Columbus County,0.09488,0.0682,0.13313919246949252,0.0051,0.5476,15,0.5425
Kentucky,Butler County,0.09448333333333332,0.03945,0.10628406120706277,0.0107,0.2581,6,0.2474
North Carolina,Polk County,0.0943,0.0605,0.0861723024775694,0.0102,0.2337,8,0.22349999999999998
Alabama,Wilcox County,0.09418,0.0896,0.0578047748892771,0.0402,0.1899,5,0.1497
North Carolina,Brunswick County,0.09415116279069767,0.0168,0.15439791414223467,0.001,0.6524,43,0.6514
West Virginia,Monroe County,0.09413333333333333,0.0394,0.09846061818480187,0.0352,0.2078,3,0.1726
South Dakota,Jones County,0.0941,0.0941,,0.0941,0.0941,1,0.0
Idaho,Boise County,0.09373333333333334,0.1221,0.07178442263704106,0.0121,0.147,3,0.1349
West Virginia,Webster County,0.09295,0.0698,0.08918929307938257,0.0222,0.21,4,0.1878
Kentucky,Nicholas County,0.0923,0.0923,0.0007071067811865433,0.0918,0.0928,2,0.000999999999999987
Texas,Coke County,0.0922,0.0922,0.10550033175303289,0.0176,0.1668,2,0.1492
Missouri,Pulaski County,0.09211538461538461,0.0776,0.07866434861860705,0.018,0.2504,13,0.23240000000000002
Michigan,Gladwin County,0.09163,0.0742,0.04292800303350302,0.0496,0.1832,10,0.1336
Virginia,Rockbridge County,0.0912,0.0843,0.06149282885020009,0.0196,0.1871,6,0.16749999999999998
Louisiana,St. Helena Parish,0.09083333333333334,0.0745,0.04412848664222844,0.0572,0.1408,3,0.08360000000000001
Texas,Menard County,0.0908,0.0908,,0.0908,0.0908,1,0.0
Minnesota,Pine County,0.09053333333333333,0.085,0.05565004492361169,0.0023,0.1919,9,0.1896
Maine,Franklin County,0.09045,0.06665,0.08610473273868284,0.0055,0.3139,10,0.3084
Utah,Garfield County,0.09040000000000001,0.09040000000000001,0.018384776310850236,0.0774,0.1034,2,0.02600000000000001
Virginia,Franklin County,0.09000625,0.09004999999999999,0.0810547014367458,0.009,0.2864,16,0.2774
Arizona,Cochise County,0.08994210526315789,0.07785,0.08919579020358906,0.0029,0.4701,38,0.4672
Kentucky,Lee County,0.0898,0.0864,0.06546625084728773,0.0261,0.1569,3,0.1308
Wisconsin,Waushara County,0.0897,0.07150000000000001,0.04296240881780923,0.0539,0.1738,8,0.1199
North Carolina,Bertie County,0.08954,0.1049,0.0414581475707731,0.0258,0.1344,5,0.10859999999999999
Nebraska,Garfield County,0.0888,0.0888,,0.0888,0.0888,1,0.0
Florida,Gilchrist County,0.08828,0.048,0.07957246383014667,0.0196,0.2177,5,0.1981
New Mexico,Mora County,0.08745,0.08745,0.08959042917633556,0.0241,0.1508,2,0.12669999999999998
Kentucky,Breckinridge County,0.08689999999999999,0.08555,0.04126998909619434,0.0245,0.1543,6,0.1298
North Dakota,Sioux County,0.08655,0.08655,0.015909902576697315,0.0753,0.0978,2,0.022499999999999992
Missouri,Cedar County,0.086225,0.07255,0.0808407642632519,0.0028,0.197,4,0.1942
Kentucky,Bath County,0.08595,0.09375,0.053667525873039204,0.0146,0.1417,4,0.1271
Tennessee,Jackson County,0.0858,0.0867,0.05336303339703744,0.0337,0.1361,4,0.10239999999999999
Kentucky,Wayne County,0.08551111111111112,0.0239,0.10372439978669973,0.0046,0.2634,9,0.25880000000000003
Michigan,Leelanau County,0.08535555555555556,0.0356,0.07490951393366384,0.0194,0.221,9,0.2016
Texas,Somervell County,0.0852,0.0928,0.05559100646687376,0.0262,0.1366,3,0.1104
Wisconsin,Langlade County,0.0851,0.0758,0.09135044243643997,0.0025,0.2167,7,0.2142
Texas,Presidio County,0.08455,0.08455,0.04603265145524424,0.052,0.1171,2,0.06509999999999999
Oregon,Wheeler County,0.0839,0.0839,,0.0839,0.0839,1,0.0
Mississippi,Greene County,0.0839,0.0795,0.06823141993734753,0.0104,0.1662,4,0.1558
Texas,Sterling County,0.0836,0.0836,,0.0836,0.0836,1,0.0
South Dakota,Dewey County,0.08324999999999999,0.08324999999999999,0.005303300858899096,0.0795,0.087,2,0.007499999999999993
Arkansas,Stone County,0.082925,0.06715,0.05304830346014847,0.0381,0.1593,4,0.1212
Missouri,Dent County,0.08285000000000001,0.0359,0.11548825337092368,0.0051,0.2545,4,0.2494
Virginia,Carroll County,0.08255,0.051449999999999996,0.06742321146641152,0.0258,0.2179,10,0.19210000000000002
South Dakota,Stanley County,0.0825,0.0825,,0.0825,0.0825,1,0.0
Missouri,Schuyler County,0.0825,0.0825,0.013010764773832475,0.0733,0.0917,2,0.0184
Texas,Llano County,0.0821375,0.0678,0.06731119494026024,0.0054,0.2151,8,0.20970000000000003
Texas,Brewster County,0.08193333333333334,0.1073,0.049582288504397755,0.0248,0.1137,3,0.08889999999999999
Missouri,Christian County,0.08100526315789473,0.0616,0.07079078309187033,0.0026,0.232,19,0.22940000000000002
Georgia,Clay County,0.0807,0.0807,,0.0807,0.0807,1,0.0
Kentucky,Clinton County,0.08057500000000001,0.07785,0.07365280601126703,0.0038,0.1628,4,0.159
Tennessee,Union County,0.08054,0.0407,0.07668701324213897,0.0256,0.204,5,0.17839999999999998
Kentucky,Estill County,0.08011666666666667,0.055499999999999994,0.05181094157286342,0.0354,0.1693,6,0.13390000000000002
Virginia,Middlesex County,0.080025,0.0759,0.04076210454167776,0.0406,0.1277,4,0.08710000000000001
Virginia,Highland County,0.0799,0.0799,,0.0799,0.0799,1,0.0
Nebraska,Boyd County,0.0793,0.0793,,0.0793,0.0793,1,0.0
Missouri,Miller County,0.07922222222222224,0.0932,0.07222660136296352,0.0055,0.2144,9,0.2089
Texas,Gillespie County,0.07921428571428571,0.0373,0.08825269454944759,0.0118,0.246,7,0.2342
Texas,Aransas County,0.07901,0.0598,0.07957254481847925,0.0163,0.2811,10,0.26480000000000004
Nebraska,Cherry County,0.0786,0.0786,0.017253405460951762,0.0664,0.0908,2,0.024400000000000005
Pennsylvania,Wayne County,0.07846470588235295,0.0497,0.08365428068228539,0.0032,0.2472,17,0.244
West Virginia,Pocahontas County,0.07816,0.0588,0.05483828954298264,0.0295,0.1711,5,0.1416
North Dakota,Billings County,0.0778,0.0778,,0.0778,0.0778,1,0.0
North Carolina,Graham County,0.07773333333333333,0.0592,0.07660041340184355,0.0121,0.1619,3,0.1498
Kentucky,Leslie County,0.0777,0.0895,0.05638232583590949,0.0033,0.1285,4,0.1252
Texas,Kimble County,0.0774,0.0774,0.015697770542341352,0.0663,0.0885,2,0.022199999999999998
Kentucky,Rowan County,0.07735,0.08395,0.06418896322577582,0.007,0.167,6,0.16
Kentucky,Monroe County,0.07725,0.07025,0.02890703489925362,0.0527,0.1158,4,0.0631
Georgia,Schley County,0.0771,0.0771,0.006363961030678933,0.0726,0.0816,2,0.009000000000000008
Kentucky,Owen County,0.076475,0.0565,0.06251039246930598,0.0253,0.1676,4,0.1423
New Mexico,Catron County,0.0763,0.0763,0.005374011537017773,0.0725,0.0801,2,0.0076000000000000095
South Dakota,Buffalo County,0.076,0.076,,0.076,0.076,1,0.0
Missouri,Bollinger County,0.0755,0.0652,0.05231605872005268,0.0291,0.1322,3,0.10310000000000001
Florida,Dixie County,0.07438,0.0255,0.10277517696408994,0.0183,0.257,5,0.2387
Montana,Wibaux County,0.0738,0.0738,,0.0738,0.0738,1,0.0
Vermont,Grand Isle County,0.07335000000000001,0.07335000000000001,0.07714534982745234,0.0188,0.1279,2,0.10910000000000002
Tennessee,Grundy County,0.07325,0.08665,0.041583530393654644,0.0126,0.1071,4,0.0945
Arizona,Mohave County,0.07303484848484848,0.021249999999999998,0.1058285907165621,0.0005,0.469,66,0.46849999999999997
Colorado,Eagle County,0.0730125,0.0605,0.05822651028526439,0.0141,0.2299,16,0.2158
New Mexico,Sierra County,0.07295,0.06315,0.03691237371577902,0.0403,0.1252,4,0.0849
North Carolina,Madison County,0.07289999999999999,0.0616,0.0554622694571123,0.0177,0.1793,7,0.1616
Texas,King County,0.0728,0.0728,,0.0728,0.0728,1,0.0
Texas,Rains County,0.07256666666666667,0.0512,0.037615998369488125,0.0505,0.116,3,0.0655
Texas,Blanco County,0.0713,0.06820000000000001,0.024939259545276534,0.0442,0.1046,4,0.060399999999999995
Virginia,Floyd County,0.07074,0.0688,0.058379174368947705,0.011,0.1642,5,0.1532
South Dakota,Todd County,0.0703,0.0703,0.07820600999923215,0.015,0.1256,2,0.11059999999999999
Kentucky,Powell County,0.07005,0.06765,0.047564027023231197,0.0172,0.1277,4,0.11050000000000001
New York,Sullivan County,0.06975483870967741,0.0393,0.07760710808815421,0.0071,0.2725,31,0.2654
Texas,Bandera County,0.06915714285714285,0.07,0.03876845182803741,0.0197,0.1137,7,0.094
Nebraska,Loup County,0.0689,0.0689,,0.0689,0.0689,1,0.0
Virginia,Patrick County,0.06824999999999999,0.0455,0.06882751629980555,0.0149,0.205,6,0.1901
Nebraska,Logan County,0.068,0.068,,0.068,0.068,1,0.0
Colorado,Conejos County,0.06775,0.06775,0.016758430714121177,0.0559,0.0796,2,0.023700000000000006
Nebraska,Wheeler County,0.0674,0.0674,,0.0674,0.0674,1,0.0
Arizona,Yavapai County,0.0672375,0.04145,0.06630356444755217,0.0016,0.3513,72,0.3497
Tennessee,Bledsoe County,0.06722500000000001,0.038,0.06405161330260672,0.0299,0.163,4,0.1331
Colorado,Custer County,0.06709999999999999,0.06709999999999999,0.07410479066835017,0.0147,0.1195,2,0.10479999999999999
Pennsylvania,Potter County,0.06705714285714286,0.0376,0.07432231287087472,0.0168,0.2243,7,0.2075
Idaho,Teton County,0.0668,0.0433,0.054029899130018745,0.0246,0.1504,7,0.1258
Pennsylvania,Pike County,0.06654,0.031,0.10376931145574783,0.0047,0.5163,25,0.5115999999999999
West Virginia,Calhoun County,0.0664,0.0664,0.030547012947258846,0.0448,0.088,2,0.043199999999999995
South Dakota,Lyman County,0.06595,0.06595,0.015627059864222703,0.0549,0.077,2,0.0221
Massachusetts,Nantucket County,0.06591666666666667,0.04035,0.06311295957778137,0.0112,0.1486,6,0.13740000000000002
Missouri,Morgan County,0.065025,0.011200000000000002,0.08798374444017648,0.0028,0.2319,8,0.2291
Tennessee,Clay County,0.0649,0.0649,0.01244507934888324,0.0561,0.0737,2,0.017600000000000005
Wisconsin,Sawyer County,0.0644125,0.048549999999999996,0.08332283922019391,0.0011,0.2592,8,0.2581
Tennessee,Sequatchie County,0.064225,0.04995,0.04843788978337792,0.0268,0.1302,4,0.1034
North Carolina,Pender County,0.06295333333333333,0.0199,0.08154547256125318,0.0009,0.2626,15,0.2617
Kentucky,Garrard County,0.058883333333333336,0.06484999999999999,0.03863187371415819,0.0127,0.107,6,0.0943
Maine,Hancock County,0.05884705882352941,0.0316,0.0654812007148527,0.0012,0.2305,17,0.2293
North Carolina,Dare County,0.058699999999999995,0.02685,0.06473017500019256,0.0023,0.1935,10,0.1912
Kentucky,Magoffin County,0.05808,0.044,0.03393017830781324,0.0236,0.1056,5,0.082
Texas,Mason County,0.057999999999999996,0.057999999999999996,0.06180113267570425,0.0143,0.1017,2,0.0874
Virginia,Greene County,0.05795,0.055600000000000004,0.03695632557492695,0.0234,0.0972,4,0.07379999999999999
Texas,Cottle County,0.0577,0.0577,,0.0577,0.0577,1,0.0
North Carolina,Ashe County,0.05725555555555555,0.0392,0.06709741260121568,0.0019,0.2162,9,0.2143
Georgia,Lincoln County,0.0568,0.0568,0.00282842712474619,0.0548,0.0588,2,0.003999999999999997
Colorado,Park County,0.056716666666666665,0.055,0.0370475055390598,0.0205,0.1239,6,0.10339999999999999
Missouri,Camden County,0.05671052631578948,0.0326,0.059836414913559136,0.0001,0.2123,19,0.2122
Texas,Archer County,0.05666666666666667,0.063,0.028630286993555156,0.0254,0.0816,3,0.05620000000000001
South Dakota,Ziebach County,0.0563,0.0563,,0.0563,0.0563,1,0.0
North Carolina,Currituck County,0.05558888888888888,0.0125,0.09442690882958686,0.0049,0.2991,9,0.29419999999999996
South Dakota,Oglala Lakota County,0.05513333333333333,0.0323,0.06160960422964372,0.0082,0.1249,3,0.1167
Wisconsin,Vilas County,0.0546875,0.05505,0.02757641007921703,0.0048,0.0943,8,0.0895
Missouri,Benton County,0.054575,0.024050000000000002,0.0706474294345823,0.0017,0.1719,8,0.1702
North Carolina,Cherokee County,0.054266666666666664,0.04325,0.04041055967607146,0.013,0.1546,12,0.14159999999999998
Nebraska,Banner County,0.0539,0.0539,,0.0539,0.0539,1,0.0
New Mexico,Lincoln County,0.05377777777777778,0.014,0.10172265944441505,0.0038,0.3202,9,0.31639999999999996
Kentucky,Adair County,0.053285714285714283,0.0189,0.05544145346132947,0.0106,0.1578,7,0.1472
Tennessee,Van Buren County,0.0528,0.0528,0.04002224381515859,0.0245,0.0811,2,0.056600000000000004
Kentucky,Casey County,0.05251666666666666,0.055349999999999996,0.036830824952295955,0.013,0.0992,6,0.0862
Pennsylvania,Forest County,0.0524,0.0524,0.022061731573020285,0.0368,0.068,2,0.031200000000000006
Virginia,Craig County,0.0518,0.0518,,0.0518,0.0518,1,0.0
Michigan,Baraga County,0.0508,0.0508,0.0029698484809835037,0.0487,0.0529,2,0.004200000000000002
Nebraska,Keya Paha County,0.05,0.05,,0.05,0.05,1,0.0
Missouri,Stone County,0.04984166666666667,0.0295,0.04726650665656551,0.0166,0.183,12,0.1664
Texas,Borden County,0.0498,0.0498,,0.0498,0.0498,1,0.0
Georgia,Union County,0.049725000000000005,0.030000000000000002,0.04810885721836617,0.0026,0.1319,8,0.1293
North Carolina,Greene County,0.04958,0.0441,0.03691553873370941,0.0117,0.0959,5,0.0842
Tennessee,Johnson County,0.048420000000000005,0.0428,0.033261343929552815,0.0115,0.0863,5,0.0748
Colorado,Dolores County,0.0482,0.0482,,0.0482,0.0482,1,0.0
Wisconsin,Florence County,0.048100000000000004,0.0584,0.03947112868920776,0.0045,0.0814,3,0.0769
Tennessee,Hancock County,0.0479,0.0479,0.00494974746830583,0.0444,0.0514,2,0.006999999999999999
Missouri,Carter County,0.04775,0.04775,0.04023437584951455,0.0193,0.0762,2,0.056900000000000006
Kentucky,Metcalfe County,0.04693333333333333,0.0363,0.04128999071607226,0.012,0.0925,3,0.0805
Illinois,Hardin County,0.0467,0.0467,0.030547012947258853,0.0251,0.0683,2,0.0432
Colorado,Teller County,0.0461625,0.03875,0.03656020230875566,0.0088,0.1268,8,0.118
Maine,Lincoln County,0.04567777777777778,0.0238,0.06984358914348865,0.0003,0.2212,9,0.2209
Missouri,Polk County,0.045675,0.0285,0.04661890327814612,0.0081,0.1511,8,0.14300000000000002
Wisconsin,Bayfield County,0.0451,0.041550000000000004,0.018744492524472356,0.0203,0.0693,6,0.049
North Carolina,Gates County,0.0448,0.0266,0.039482527781285734,0.0177,0.0901,3,0.07239999999999999
Michigan,Presque Isle County,0.044000000000000004,0.041800000000000004,0.03365115154047481,0.0086,0.0812,6,0.0726
Indiana,Crawford County,0.0439,0.0484,0.015836982035728902,0.0263,0.057,3,0.0307
Virginia,Mathews County,0.042624999999999996,0.04245,0.014092166854911515,0.0298,0.0558,4,0.026000000000000002
Missouri,Douglas County,0.0419,0.0395,0.04095277768357111,0.0022,0.084,3,0.08180000000000001
New Mexico,Taos County,0.04186,0.020200000000000003,0.05624765081514269,0.0038,0.1895,10,0.1857
West Virginia,Pendleton County,0.04133333333333333,0.0364,0.028126381447554416,0.016,0.0716,3,0.0556
Wisconsin,Forest County,0.040850000000000004,0.0232,0.043513254685593604,0.0126,0.1044,4,0.0918
Pennsylvania,Sullivan County,0.040475000000000004,0.0406,0.029894522909723782,0.0083,0.0724,4,0.0641
Kentucky,Larue County,0.03894,0.0349,0.03923777516628587,0.0075,0.1039,5,0.09640000000000001
North Carolina,Hyde County,0.0388,0.0388,0.038325187540310876,0.0117,0.0659,2,0.0542
Nebraska,Blaine County,0.0369,0.0369,,0.0369,0.0369,1,0.0
Virginia,Grayson County,0.0368,0.0401,0.011944454780357286,0.0219,0.0491,5,0.0272
Missouri,Ripley County,0.03635,0.03705,0.022603908216648434,0.0102,0.0611,4,0.0509
Colorado,Summit County,0.03411666666666666,0.027450000000000002,0.020218795635984277,0.0135,0.0809,12,0.0674
Colorado,Archuleta County,0.03404,0.0389,0.030839633590560054,0.0016,0.0692,5,0.0676
Minnesota,Cook County,0.03306666666666667,0.0474,0.02684256569952532,0.0021,0.0497,3,0.0476
Missouri,St. Clair County,0.0328,0.0412,0.022413388855771006,0.0074,0.0498,3,0.04239999999999999
West Virginia,Hampshire County,0.03244444444444445,0.0264,0.028523197187162907,0.0027,0.0893,9,0.08660000000000001
Tennessee,Fentress County,0.0311,0.012,0.037183867469643334,0.0036,0.0921,5,0.0885
Virginia,Bland County,0.030150000000000003,0.030150000000000003,0.005444722215136418,0.0263,0.034,2,0.007700000000000002
Kentucky,Morgan County,0.03004,0.0202,0.02660043232731378,0.0078,0.0697,5,0.0619
North Carolina,Watauga County,0.02923846153846154,0.0097,0.042685878587294314,0.0004,0.1213,13,0.12090000000000001
Virginia,Lexington city,0.02865,0.02865,0.009687362902255699,0.0218,0.0355,2,0.013699999999999997
North Dakota,Slope County,0.0283,0.0283,,0.0283,0.0283,1,0.0
Colorado,Ouray County,0.028,0.028,0.027577164466275353,0.0085,0.0475,2,0.039
Texas,Dickens County,0.0279,0.0279,,0.0279,0.0279,1,0.0
Virginia,Rappahannock County,0.0276,0.0276,0.002687005768508879,0.0257,0.0295,2,0.003799999999999998
Kentucky,Green County,0.0257,0.028200000000000003,0.009505787710652915,0.0132,0.0332,4,0.02
New York,Hamilton County,0.0256,0.0213,0.02107415478732184,0.0057,0.0541,4,0.0484
North Carolina,Alleghany County,0.02526666666666667,0.0174,0.014676966080676666,0.0162,0.0422,3,0.026000000000000002
Missouri,Hickory County,0.0237,0.024,0.009146948489341495,0.0128,0.034,4,0.021200000000000004
North Carolina,Clay County,0.022,0.02545,0.011453965834300943,0.0054,0.0317,4,0.026299999999999997
Texas,Motley County,0.0216,0.0216,,0.0216,0.0216,1,0.0
Georgia,Rabun County,0.021475,0.0076500000000000005,0.023403647456875485,0.0016,0.0572,8,0.055600000000000004
Colorado,San Miguel County,0.020275,0.019799999999999998,0.01944760053751276,0.0021,0.0394,4,0.0373
Kentucky,Wolfe County,0.0201,0.0201,0.007353910524340094,0.0149,0.0253,2,0.0104
Kentucky,Robertson County,0.0199,0.0199,,0.0199,0.0199,1,0.0
Kentucky,Cumberland County,0.01985,0.01985,0.011667261889578034,0.0116,0.0281,2,0.0165
North Carolina,Pamlico County,0.019433333333333334,0.02275,0.010772124519641733,0.0059,0.031,6,0.0251
North Carolina,Avery County,0.01902,0.0041,0.03304810130703426,0.0003,0.0776,5,0.07730000000000001
Texas,Jeff Davis County,0.0166,0.0166,,0.0166,0.0166,1,0.0
Nebraska,McPherson County,0.0166,0.0166,,0.0166,0.0166,1,0.0
Kentucky,Spencer County,0.016475,0.0175,0.005790437519451071,0.0089,0.022,4,0.013099999999999999
Missouri,Ozark County,0.0134,0.0113,0.004992995093127971,0.0098,0.0191,3,0.0093
Missouri,Shannon County,0.01335,0.01335,0.001202081528017131,0.0125,0.0142,2,0.0017000000000000001
Wisconsin,Iron County,0.013166666666666667,0.0113,0.005541058863911602,0.0088,0.0194,3,0.0106
Vermont,Lamoille County,0.012842857142857142,0.0053,0.019351731803885764,0.0008,0.0532,7,0.052399999999999995
Tennessee,Pickett County,0.012750000000000001,0.012750000000000001,0.00445477272147525,0.0096,0.0159,2,0.006300000000000002
Texas,Foard County,0.0126,0.0126,,0.0126,0.0126,1,0.0
Kentucky,Elliott County,0.010066666666666666,0.0076,0.007606137872358962,0.004,0.0186,3,0.014599999999999998
Kentucky,Owsley County,0.00875,0.00875,0.0048790367901871785,0.0053,0.0122,2,0.006900000000000001
North Carolina,Tyrrell County,0.0084,0.0084,,0.0084,0.0084,1,0.0
Kentucky,Menifee County,0.00805,0.00805,0.005586143571373725,0.0041,0.012,2,0.0079
Georgia,Towns County,0.006625000000000001,0.0020499999999999997,0.009588317544456553,0.0014,0.021,4,0.019600000000000003
Colorado,Hinsdale County,0.0059,0.0059,,0.0059,0.0059,1,0.0
Kentucky,Jackson County,0.00464,0.0034,0.0033597618963253934,0.0025,0.0105,5,0.008
Arkansas,Newton County,0.0045,0.0045,0.003394112549695428,0.0021,0.0069,2,0.0048000000000000004
Wisconsin,Menominee County,0.0030333333333333336,0.003,0.0006506407098647714,0.0024,0.0037,3,0.0013000000000000004
California,Orange County,-0.8744234910277323,0.7932,40.38024315137036,-999.0,0.9985,613,999.9985
Illinois,Cook County,-1.5064996994740796,0.795,47.42836125497128,-999.0,0.9916,1331,999.9916
Texas,Tarrant County,-1.55827995545657,0.6975,47.17786117433255,-999.0,0.9994,449,999.9994
California,Alameda County,-2.019331746031746,0.64295,51.41550266718036,-999.0,0.9606,378,999.9606
Florida,Broward County,-2.1156591346153846,0.1851,48.99473998829457,-999.0,0.9696,416,999.9696
Minnesota,Hennepin County,-2.333493313069909,0.7629,55.11605431182774,-999.0,0.9926,329,999.9926
Ohio,Franklin County,-2.599644207317073,0.47595,55.1857601898518,-999.0,0.9623,328,999.9623
Wisconsin,Milwaukee County,-2.639158471760797,0.7239,57.62111512607889,-999.0,0.9864,301,999.9864
Indiana,Marion County,-3.244202371541502,0.7909,62.85154105323135,-999.0,0.9996,253,999.9996
California,Riverside County,-3.3258868725868727,0.5066999999999999,62.04844939919067,-999.0,0.9995,518,999.9995
California,Contra Costa County,-3.6293896265560166,0.5027,64.38508620882065,-999.0,0.992,241,999.992
Texas,Harris County,-3.7461930941704034,0.7714,66.82734141591054,-999.0,1.0,1115,1000.0
Texas,Dallas County,-3.985727441860465,0.683,68.0709481384181,-999.0,0.9983,645,999.9983
Kentucky,Jefferson County,-4.012255092592593,0.6479,68.01565167728963,-999.0,0.9811,216,999.9811
North Carolina,Wake County,-4.10876652173913,0.1865,65.8879520631102,-999.0,0.7954,230,999.7954
Texas,Collin County,-4.110351363636363,0.38055,67.38212488370517,-999.0,0.9457,220,999.9457
Maryland,Baltimore city,-4.184928643216081,0.8938,70.87691571688498,-999.0,0.9999,199,999.9999
Oregon,Multnomah County,-4.290677664974619,0.8355,71.23192778885205,-999.0,0.998,197,999.998
Florida,Lee County,-4.382331081081081,0.04095,67.05665536150025,-999.0,0.8544,222,999.8544
Texas,Hidalgo County,-4.395066037735849,0.2883,68.63378076220198,-999.0,0.8729,212,999.8729
New Jersey,Middlesex County,-4.4044671875,0.86065,72.15474907615614,-999.0,0.9954,192,999.9954
New Jersey,Hudson County,-4.576766666666666,0.9101,73.9138179779774,-999.0,0.9948,183,999.9948
California,Ventura County,-4.688089417989418,0.6254,72.710585676239,-999.0,0.989,189,999.989
Texas,El Paso County,-4.910860638297873,0.3869,72.88962808447653,-999.0,0.951,188,999.951
California,San Joaquin County,-4.959544827586207,0.86,75.79389242575397,-999.0,0.9967,174,999.9967
California,San Mateo County,-5.206898265895954,0.5458,75.99625071270573,-999.0,0.9593,173,999.9593
Florida,Polk County,-5.278345977011494,0.48445,75.76974273227016,-999.0,0.9494,174,999.9494
Illinois,Will County,-5.322151744186047,0.43710000000000004,76.21074372596131,-999.0,0.9585,172,999.9585
Ohio,Montgomery County,-5.825492307692308,0.57865,80.03093602985683,-999.0,0.9957,156,999.9957
Massachusetts,Norfolk County,-5.931438961038961,0.5569,80.54701475692113,-999.0,0.9909,154,999.9909
Pennsylvania,Bucks County,-6.1133482993197275,0.7498,82.45314058408707,-999.0,0.9848,147,999.9848
Minnesota,Ramsey County,-6.196836363636364,0.8261,83.60719419567671,-999.0,0.9906,143,999.9906
California,San Diego County,-6.215485597826087,0.57405,82.16334954166523,-999.0,0.9906,736,999.9906
Delaware,New Castle County,-6.303908333333333,0.7003999999999999,83.30359959634005,-999.0,0.9921,144,999.9921
New York,Nassau County,-6.45164768683274,0.6647,84.18599693848441,-999.0,0.9663,281,999.9663
Texas,Travis County,-6.540988275862069,0.3407,82.84818884046234,-999.0,0.8148,290,999.8148
Florida,Orange County,-7.042119850187265,0.4189,86.33798286225365,-999.0,0.9437,267,999.9437
Texas,Montgomery County,-7.059092481203007,0.44,86.66413864829296,-999.0,0.9852,133,999.9852
New York,Suffolk County,-7.316551041666667,0.49035,88.11276065469514,-999.0,0.9676,384,999.9676
Pennsylvania,Chester County,-7.4097338709677425,0.6880999999999999,89.77168191431359,-999.0,0.999,124,999.999
Texas,Bexar County,-7.519348533333334,0.4767,89.15695303486225,-999.0,0.9838,375,999.9838
North Carolina,Guilford County,-7.55698253968254,0.3766,89.0316501555397,-999.0,0.8513,126,999.8513
California,San Francisco County,-7.6490095041322315,0.60555,90.68526354915457,-999.0,0.9495,242,999.9495
Massachusetts,Middlesex County,-7.832060784313726,0.6077,91.3727538997575,-999.0,0.9334,357,999.9334
California,San Bernardino County,-7.9149645922746785,0.77115,92.3184702010253,-999.0,0.9996,466,999.9996
Iowa,Polk County,-8.39342857142857,0.52,94.44713818900904,-999.0,0.9718,112,999.9718
Maryland,Baltimore County,-8.470780365296804,0.6707,95.3120093310388,-999.0,0.999,219,999.999
Pennsylvania,Berks County,-8.547029906542056,0.8218,96.65418497785416,-999.0,0.9991,107,999.9991
New Jersey,Essex County,-8.58796066350711,0.8992,97.11571178007642,-999.0,0.9983,211,999.9983
Colorado,Adams County,-8.627591588785046,0.7381,96.64638669355425,-999.0,0.9997,107,999.9997
Georgia,Fulton County,-8.63569266055046,0.5264,95.44434267835433,-999.0,0.9844,327,999.9844
Louisiana,East Baton Rouge Parish,-8.656423148148148,0.6271,96.18681328525763,-999.0,0.9869,108,999.9869
Arkansas,Pulaski County,-8.758616822429907,0.5827,96.63369634227317,-999.0,0.975,107,999.975
California,Tulare County,-8.877308737864078,0.8603,98.51628540147723,-999.0,0.9975,103,999.9975
New York,Monroe County,-9.02535,0.50515,97.30724737899664,-999.0,0.9381,210,999.9381
District of Columbia,District of Columbia,-9.047034951456311,0.66165,98.25894652535177,-999.0,0.982,206,999.982
Texas,Galveston County,-9.205342156862747,0.5911500000000001,98.97488984889588,-999.0,0.9893,102,999.9893
New Hampshire,Hillsborough County,-9.267527184466019,0.4411,98.47770396349921,-999.0,0.952,103,999.952
Georgia,DeKalb County,-9.292483743842364,0.5438,98.96855976781076,-999.0,0.9532,203,999.9532
North Carolina,Mecklenburg County,-9.404699344262296,0.398,98.7937032152247,-999.0,0.9634,305,999.9634
Massachusetts,Worcester County,-10.037596335078534,0.4375,102.00102198447475,-999.0,0.8164,191,999.8164
California,Placer County,-10.244167391304348,0.6216,104.21793930892886,-999.0,0.9483,92,999.9483
Arizona,Pinal County,-10.290163157894737,0.1513,102.51880470184021,-999.0,0.6914,95,999.6914
California,Los Angeles County,-10.39409879759519,0.8818,105.34290617203769,-999.0,0.9999,2495,999.9999
Colorado,Denver County,-10.48046797752809,0.7877000000000001,105.67396087069123,-999.0,0.9999,178,999.9999
South Carolina,Lexington County,-10.49913695652174,0.30585,104.19119055082008,-999.0,0.9599,92,999.9599
Virginia,Prince William County,-10.545723655913978,0.1099,103.6122199507851,-999.0,0.8325,93,999.8325
Virginia,Fairfax County,-10.684882846715329,0.22535,104.17557133290535,-999.0,0.8406,274,999.8406
New York,Erie County,-10.906641538461539,0.67135,106.96207533035367,-999.0,0.9804,260,999.9804
Georgia,Chatham County,-11.082910344827587,0.381,107.14780932994519,-999.0,0.9705,87,999.9705
New Jersey,Mercer County,-11.163545238095239,0.749,109.08051006675626,-999.0,0.983,84,999.983
Missouri,St. Charles County,-11.24412,0.5191,108.4128404082095,-999.0,0.9516,85,999.9516
Colorado,Weld County,-11.309534939759036,0.7769,109.73536555580746,-999.0,0.9547,83,999.9547
Utah,Salt Lake County,-11.310460159362549,0.643,108.84869378165862,-999.0,0.9991,251,999.9991
Virginia,Henrico County,-11.33732,0.3921,108.40279577666826,-999.0,0.9666,85,999.9666
Mississippi,Harrison County,-11.94039012345679,0.3563,111.04450940036342,-999.0,0.9731,81,999.9731
Illinois,Lake County,-12.021987421383647,0.5228,111.7489578773348,-999.0,0.9936,159,999.9936
Florida,Leon County,-12.264360759493671,0.3113,112.43996119393766,-999.0,0.9021,79,999.9021
Utah,Utah County,-12.355510897435897,0.45225000000000004,112.80092736043675,-999.0,0.9023,156,999.9023
Florida,Miami-Dade County,-12.375109490084988,0.29784999999999995,112.19308138394891,-999.0,0.995,706,999.995
Pennsylvania,Delaware County,-12.443446052631579,0.7157,114.294490609283,-999.0,0.9981,152,999.9981
Ohio,Mahoning County,-12.657013333333333,0.6783,115.43232074463602,-999.0,0.9564,75,999.9564
Missouri,Jackson County,-12.657307488986783,0.5434,114.39954388448,-999.0,0.9924,227,999.9924
Louisiana,Caddo Parish,-12.739977027027027,0.8133,116.22106719390192,-999.0,0.9949,74,999.9949
Virginia,Loudoun County,-13.150101333333332,0.1242,115.3745803902703,-999.0,0.6991,75,999.6991
Pennsylvania,Erie County,-13.203923287671232,0.4707,116.98140406280456,-999.0,0.8773,73,999.8773
Delaware,Sussex County,-13.292714864864864,0.10655,116.15602995707286,-999.0,0.8327,74,999.8327
Ohio,Cuyahoga County,-13.381811241217799,0.7363,117.80219331792122,-999.0,0.9848,427,999.9848
New Jersey,Ocean County,-13.572899305555556,0.24255,117.35707065422385,-999.0,0.894,144,999.894
New Hampshire,Rockingham County,-13.618605555555556,0.2016,117.76411969922661,-999.0,0.9328,72,999.9328
Virginia,Arlington County,-13.692818309859156,0.3428,118.60510391859233,-999.0,0.8192,71,999.8192
Georgia,Clayton County,-13.776150000000001,0.4226,119.46362663449618,-999.0,0.988,70,999.988
Alabama,Mobile County,-14.34652,0.4468,121.1959792018411,-999.0,0.9578,135,999.9578
Connecticut,Southeastern Connecticut Planning Region,-14.416616417910449,0.4676,122.10867985313838,-999.0,0.9244,67,999.9244
Michigan,Genesee County,-14.484005970149253,0.45235000000000003,121.64042571989424,-999.0,0.874,134,999.874
Florida,St. Lucie County,-14.689032835820896,0.1594,122.07488720252502,-999.0,0.7431,67,999.7431
New York,Niagara County,-14.699135384615385,0.7238,123.99534989100326,-999.0,0.9735,65,999.9735
Maryland,Anne Arundel County,-14.92063023255814,0.537,123.97495078365102,-999.0,0.9993,129,999.9993
Louisiana,Jefferson Parish,-15.2275937007874,0.5132,124.93150901085112,-999.0,0.9429,127,999.9429
Texas,Brazos County,-15.522833333333333,0.3359,125.90516816121772,-999.0,0.7607,63,999.7607
Wisconsin,Dane County,-15.5234624,0.5096,125.91321047226093,-999.0,0.9193,125,999.9193
California,Marin County,-15.804909677419355,0.2823,126.91296995334733,-999.0,0.6527,62,999.6527
Texas,Cameron County,-16.142419834710743,0.3538,127.94840001669725,-999.0,0.8303,121,999.8303
California,Kern County,-16.257718220338983,0.71075,129.3148195043907,-999.0,0.9916,236,999.9916
Arizona,Maricopa County,-16.377214271555996,0.4175,128.69796195756575,-999.0,0.9961,1009,999.9961
Tennessee,Davidson County,-16.615253448275865,0.6326,130.4957986338805,-999.0,0.9889,174,999.9889
Louisiana,St. Tammany Parish,-16.662993220338983,0.202,130.09458437361678,-999.0,0.9159,59,999.9159
New Mexico,Bernalillo County,-16.673248863636363,0.29755,129.7273950957151,-999.0,0.9155,176,999.9155
Wisconsin,Brown County,-16.68585344827586,0.5483,131.24723592930053,-999.0,0.9297,58,999.9297
Texas,Smith County,-17.425025,0.42895,133.55356119866357,-999.0,0.8393,56,999.8393
Pennsylvania,Montgomery County,-17.486750684931508,0.8142,134.18414233178603,-999.0,0.9944,219,999.9944
Pennsylvania,Cumberland County,-17.54192181818182,0.6634,134.790775517209,-999.0,0.9768,55,999.9768
South Carolina,York County,-17.704423636363636,0.4964,134.76841282417277,-999.0,0.9288,55,999.9288
California,El Dorado County,-17.748865454545456,0.4124,134.76219017223997,-999.0,0.7842,55,999.7842
California,Santa Barbara County,-17.98631574074074,0.5363,135.38095521832253,-999.0,0.879,108,999.879
North Carolina,New Hanover County,-18.267222222222223,0.07300000000000001,135.9792059894823,-999.0,0.8607,54,999.8607
Michigan,Oakland County,-19.462985142857143,0.5234,140.13437872441045,-999.0,0.9751,350,999.9751
California,Solano County,-19.48601,0.46005,140.63567446542197,-999.0,0.9678,100,999.9678
Connecticut,Capitol Planning Region,-19.534236144578315,0.5577,140.49268239189306,-999.0,0.9194,249,999.9194
Florida,St. Johns County,-19.811918,0.08675,141.30430487096422,-999.0,0.7659,50,999.7659
New York,Westchester County,-19.98081825726141,0.8565,142.79849184537977,-999.0,0.9852,241,999.9852
Florida,Brevard County,-20.112196598639457,0.2042,141.77353389670415,-999.0,0.8349,147,999.8349
Virginia,Alexandria city,-20.348110416666668,0.43510000000000004,144.261768737487,-999.0,0.8089,48,999.8089
South Carolina,Berkeley County,-20.4029375,0.40215,144.2537532562194,-999.0,0.9076,48,999.9076
Texas,Nueces County,-20.489959375,0.269,143.4797767925043,-999.0,0.9582,96,999.9582
Florida,Hillsborough County,-20.523922822822822,0.4638,143.59667691444596,-999.0,0.9919,333,999.9919
Florida,Okaloosa County,-20.5648875,0.2206,144.22982623041162,-999.0,0.5895,48,999.5895
Louisiana,Ouachita Parish,-20.677768085106383,0.644,145.80536676203437,-999.0,0.8935,47,999.8935
Michigan,Jackson County,-21.128434782608696,0.6527499999999999,147.3835438287844,-999.0,0.9757,46,999.9757
Florida,Marion County,-21.30399677419355,0.0979,145.72901603297922,-999.0,0.6905,93,999.6905
Tennessee,Montgomery County,-21.390013043478262,0.34665,147.34398253855062,-999.0,0.7916,46,999.7916
Washington,Benton County,-21.70724222222222,0.5074,148.99752867038447,-999.0,0.989,45,999.989
Arizona,Pima County,-21.990455185185183,0.09725,147.56343707636054,-999.0,0.9646,270,999.9646
Ohio,Warren County,-22.148556818181817,0.5706,150.69087010567156,-999.0,0.9347,44,999.9347
Texas,Wichita County,-22.24815,0.46,150.67552531095066,-999.0,0.887,44,999.887
Florida,Indian River County,-22.37023409090909,0.26439999999999997,150.65677761635914,-999.0,0.9697,44,999.9697
Tennessee,Hamilton County,-22.45891724137931,0.4799,150.66324919941545,-999.0,0.9825,87,999.9825
Indiana,Tippecanoe County,-22.6703,0.6201,152.43403249993563,-999.0,0.9187,43,999.9187
South Carolina,Aiken County,-22.831320930232557,0.4026,152.40892206810497,-999.0,0.9231,43,999.9231
Florida,Martin County,-23.36912619047619,0.39705,154.215126692135,-999.0,0.9756,42,999.9756
New York,Richmond County,-23.4167488,0.5462,153.59938995067793,-999.0,0.9621,125,999.9621
Tennessee,Shelby County,-23.4716156626506,0.647,153.59848186410198,-999.0,0.9978,249,999.9978
Florida,Palm Beach County,-23.94808924731183,0.1221,153.73779829840322,-999.0,0.8309,372,999.8309
Delaware,Kent County,-23.956817073170733,0.4274,156.0832067523087,-999.0,0.7427,41,999.7427
New York,Dutchess County,-23.977060975609756,0.35214999999999996,155.11355344431433,-999.0,0.8554,82,999.8554
Texas,Taylor County,-24.000675609756097,0.3946,156.07613406980707,-999.0,0.6891,41,999.6891
Vermont,Chittenden County,-24.010141463414634,0.3508,156.07474169199028,-999.0,0.7875,41,999.7875
Pennsylvania,Centre County,-24.124636585365852,0.1759,156.0563356142594,-999.0,0.8571,41,999.8571
Nebraska,Lancaster County,-24.21918271604938,0.4616,156.06534552692247,-999.0,0.957,81,999.957
Indiana,Madison County,-24.922879487179486,0.7053,160.08191343370885,-999.0,0.9524,39,999.9524
Louisiana,Rapides Parish,-25.018333333333334,0.7014,160.06644952716937,-999.0,0.9882,39,999.9882
Rhode Island,Kent County,-25.085120512820513,0.5425,160.05530133619965,-999.0,0.9431,39,999.9431
Kansas,Johnson County,-25.509133116883117,0.44475,159.48928308574725,-999.0,0.9572,154,999.9572
Louisiana,Orleans Parish,-26.62506195652174,0.53835,162.95807670296148,-999.0,0.9617,184,999.9617
Texas,Midland County,-26.662283783783785,0.3462,164.29180913733023,-999.0,0.8497,37,999.8497
Colorado,Jefferson County,-26.83282260273973,0.57975,163.72679941839147,-999.0,0.965,146,999.965
Maryland,Washington County,-27.18038611111111,0.6606,166.5978902488009,-999.0,0.9595,36,999.9595
Pennsylvania,Allegheny County,-27.190542131979694,0.7657,164.90362050771466,-999.0,0.9995,394,999.9995
South Carolina,Florence County,-27.403366666666667,0.30279999999999996,166.55957777404456,-999.0,0.9187,36,999.9187
Texas,Potter County,-28.034082857142856,0.5444,168.95047039806127,-999.0,0.879,35,999.879
Texas,Lubbock County,-28.07909150943396,0.0912,166.48859806148724,-999.0,0.7664,106,999.7664
New York,New York County,-28.132282258064514,0.90335,168.15109734482579,-999.0,0.9964,310,999.9964
Michigan,Macomb County,-28.207904526748973,0.5574,167.5387083430818,-999.0,0.9822,243,999.9822
Massachusetts,Hampshire County,-28.25707142857143,0.2707,168.911656189928,-999.0,0.6707,35,999.6707
Maryland,Charles County,-28.263111428571428,0.2529,168.9105744574743,-999.0,0.6926,35,999.6926
Texas,Webb County,-28.553402898550726,0.4018,168.89610975759274,-999.0,0.826,69,999.826
California,San Luis Obispo County,-28.651679710144926,0.2783,168.87899014483156,-999.0,0.7474,69,999.7474
California,Monterey County,-28.707065048543686,0.3664,168.88162705506028,-999.0,0.932,103,999.932
North Carolina,Durham County,-29.06463088235294,0.29125,170.09962247308414,-999.0,0.7822,68,999.7822
South Carolina,Richland County,-30.129051020408163,0.4671,173.05825262064914,-999.0,0.9293,98,999.9293
New Mexico,McKinley County,-30.155175757575755,0.0867,173.92471337433804,-999.0,0.4419,33,999.4419
Tennessee,Washington County,-30.8155875,0.4063,176.67363341997208,-999.0,0.8412,32,999.8412
Virginia,Portsmouth city,-31.654400000000003,0.6403,179.53189301998125,-999.0,0.9011,31,999.9011
North Carolina,Carteret County,-32.13169677419355,0.0701,179.44318421120093,-999.0,0.3692,31,999.3692
New York,Kings County,-32.77454191542289,0.8059499999999999,180.22714009759557,-999.0,0.9994,804,999.9994
North Carolina,Henderson County,-33.03848,0.16425,182.44117569159656,-999.0,0.74,30,999.74
Oklahoma,Oklahoma County,-33.31696127819549,0.4945,181.05380168017038,-999.0,0.9913,266,999.9913
Minnesota,Washington County,-33.484428813559326,0.2558,182.41029359536597,-999.0,0.948,59,999.948
Colorado,Pueblo County,-33.983725862068965,0.50125,183.96397835546412,-999.0,0.9706,58,999.9706
Iowa,Woodbury County,-33.99001034482759,0.4647,185.59789111407787,-999.0,0.8692,29,999.8692
Texas,McLennan County,-34.04299655172414,0.36255,183.95255613849446,-999.0,0.8994,58,999.8994
Texas,Bell County,-34.04698850574713,0.3562,183.41631105041583,-999.0,0.8732,87,999.8732
Louisiana,Calcasieu Parish,-35.04240535714286,0.6678,187.19275755741623,-999.0,0.9724,56,999.9724
Kentucky,Hardin County,-35.322432142857146,0.32575,188.86317353383805,-999.0,0.8561,28,999.8561
Nevada,Washoe County,-35.40880863309353,0.53,186.80727002472497,-999.0,0.9882,139,999.9882
Florida,Monroe County,-35.57673571428572,0.09015000000000001,188.8132282228525,-999.0,0.2705,28,999.2705
Alabama,Shelby County,-35.868674545454546,0.4558,188.81972840370707,-999.0,0.9177,55,999.9177
Wyoming,Laramie County,-36.32432222222222,0.6828,192.39281097247436,-999.0,0.9817,27,999.9817
Missouri,Platte County,-36.63838888888889,0.3154,192.33006425023092,-999.0,0.9362,27,999.9362
Iowa,Story County,-36.66188888888889,0.2951,192.3253171343491,-999.0,0.7647,27,999.7647
North Carolina,Cumberland County,-36.7321,0.2095,189.89220893537865,-999.0,0.8525,81,999.8525
Michigan,Washtenaw County,-36.76447757009346,0.6001,190.5162099076009,-999.0,0.9952,107,999.9952
Texas,Tom Green County,-36.80874814814815,0.1659,192.29592768703853,-999.0,0.5382,27,999.5382
Tennessee,Sevier County,-36.830985185185185,0.1183,192.2914909275513,-999.0,0.6003,27,999.6003
Virginia,Norfolk city,-36.981804999999994,0.5065999999999999,191.08663465986743,-999.0,0.9859,80,999.9859
Texas,Jefferson County,-38.647275,0.8947499999999999,195.9775589081676,-999.0,0.9965,76,999.9965
Texas,Victoria County,-39.449895999999995,0.5985,199.90639305188043,-999.0,0.833,25,999.833
New York,Chemung County,-39.558924000000005,0.4024,199.88364258036324,-999.0,0.8502,25,999.8502
Washington,Clallam County,-39.742452,0.1885,199.84537928682747,-999.0,0.6002,25,999.6002
Arkansas,Jefferson County,-41.108225,0.5781499999999999,204.03016476459564,-999.0,0.7808,24,999.7808
New York,Cattaraugus County,-41.33245,0.2414,203.98242783956107,-999.0,0.6937,24,999.6937
Michigan,Lapeer County,-41.36266666666666,0.22544999999999998,203.9759669947773,-999.0,0.6574,24,999.6574
Mississippi,Lee County,-43.10984347826087,0.2921,208.37682018150508,-999.0,0.7239,23,999.7239
Virginia,Montgomery County,-43.230969565217386,0.1588,208.3503995679818,-999.0,0.5935,23,999.5935
Arizona,Yuma County,-44.53095074626866,0.1003,208.20839570425252,-999.0,0.9555,67,999.9555
Washington,Franklin County,-44.748113636363634,0.8009,213.1353096292036,-999.0,0.9834,22,999.9834
New York,Clinton County,-45.027277272727275,0.2866,213.07301675580587,-999.0,0.9184,22,999.9184
Kentucky,Bullitt County,-45.04574090909091,0.35040000000000004,213.0688006681179,-999.0,0.7567,22,999.7567
New York,Bronx County,-46.2209889196676,0.8691,212.0995731421795,-999.0,0.992,361,999.992
Indiana,Porter County,-47.08287619047619,0.5245,215.43541383968196,-999.0,0.871,42,999.871
New Mexico,Otero County,-47.428347619047614,0.0899,218.03252475989362,-999.0,0.7844,21,999.7844
North Carolina,Haywood County,-47.43029047619048,0.0994,218.0320551331476,-999.0,0.424,21,999.424
Pennsylvania,Philadelphia County,-48.221010049019604,0.7974,216.12831942269395,-999.0,0.9949,408,999.9949
Tennessee,Anderson County,-49.56723,0.4235,223.47336530740984,-999.0,0.6789,20,999.6789
Mississippi,Jones County,-49.572595,0.3396,223.47219163950973,-999.0,0.9379,20,999.9379
New York,Queens County,-50.339395441988955,0.73655,220.3096885168515,-999.0,0.9996,724,999.9996
Oklahoma,Comanche County,-52.22491052631579,0.3134,226.15265361327238,-999.0,0.8672,38,999.8672
New York,Oneida County,-52.913492,0.3964,226.07189583045934,-999.0,0.8457,75,999.8457
Massachusetts,Suffolk County,-54.515712765957446,0.7936,229.04245120160243,-999.0,0.9787,235,999.9787
California,Tuolumne County,-55.06691666666667,0.39825,235.57472714899083,-999.0,0.7685,18,999.7685
New York,Jefferson County,-55.20471666666666,0.23595,232.15107831487728,-999.0,0.7515,36,999.7515
New York,Greene County,-55.29591111111111,0.13105,235.51757021633887,-999.0,0.5698,18,999.5698
New York,Delaware County,-55.32870555555556,0.1418,235.5093966035912,-999.0,0.8521,18,999.8521
New Mexico,Sandoval County,-56.89325714285714,0.1186,235.3167536764026,-999.0,0.7235,35,999.7235
Florida,Highlands County,-56.894711428571426,0.1669,235.31636057296765,-999.0,0.5272,35,999.5272
Kansas,Riley County,-58.32852352941176,0.4549,242.40562450013542,-999.0,0.8215,17,999.8215
Tennessee,Gibson County,-58.3737,0.4066,242.39391894437554,-999.0,0.6886,17,999.6886
Utah,Tooele County,-58.382264705882356,0.3106,242.39177367826179,-999.0,0.844,17,999.844
Florida,Putnam County,-58.44956470588235,0.1847,242.3744414747689,-999.0,0.8457,17,999.8457
Nevada,Douglas County,-58.49583529411765,0.252,242.36240458664363,-999.0,0.5346,17,999.5346
Maryland,Worcester County,-58.5165,0.152,242.3571536580904,-999.0,0.6767,17,999.6767
Virginia,Danville city,-61.90014375,0.5753999999999999,249.89337890896314,-999.0,0.8921,16,999.8921
Michigan,Ionia County,-61.96218125,0.5674,249.87683851505784,-999.0,0.9276,16,999.9276
Ohio,Pickaway County,-62.0002875,0.455,249.86666474721505,-999.0,0.7282,16,999.7282
Tennessee,Roane County,-62.09163125,0.38215,249.8423005568292,-999.0,0.7812,16,999.7812
New York,Allegany County,-62.23805,0.19595,249.80323081679043,-999.0,0.5514,16,999.5514
California,Kings County,-63.73652903225806,0.7734,249.67227497013383,-999.0,0.9839,31,999.9839
Tennessee,Blount County,-64.1341806451613,0.2533,249.56618796517878,-999.0,0.884,31,999.884
Nevada,Carson City,-66.21818,0.371,258.04637093969643,-999.0,0.6698,15,999.6698
North Carolina,Granville County,-66.35373333333332,0.1874,258.0089166360498,-999.0,0.7626,15,999.7626
Nevada,Nye County,-66.42375333333334,0.1693,257.9894732359716,-999.0,0.4089,15,999.4089
Michigan,Wayne County,-66.45226752,0.7681,250.50091349642952,-999.0,0.9989,625,999.9989
Indiana,Vanderburgh County,-67.0980627118644,0.7112,253.47262291661178,-999.0,0.9791,59,999.9791
Washington,Walla Walla County,-70.7180357142857,0.6903,267.1779866511968,-999.0,0.941,14,999.941
Texas,Val Verde County,-71.11007142857143,0.25134999999999996,267.06512329729736,-999.0,0.5263,14,999.5263
Florida,Sumter County,-71.14219285714286,0.13555,262.06377937389226,-999.0,0.6314,28,999.6314
Maine,Washington County,-71.26748571428571,0.0658,267.01980135446263,-999.0,0.2672,14,999.2672
New Jersey,Cumberland County,-72.60389024390244,0.5582,263.52852744043844,-999.0,0.9338,41,999.9338
New York,Orleans County,-76.41376153846153,0.4406,277.2027468434026,-999.0,0.7787,13,999.7787
Arizona,Coconino County,-76.72763846153846,0.0919,269.71748243717485,-999.0,0.3584,39,999.3584
Alabama,Calhoun County,-78.52229473684211,0.2377,273.10586874906613,-999.0,0.8828,38,999.8828
Kansas,Lyon County,-82.61835833333333,0.7039500000000001,288.5853863184925,-999.0,0.7876,12,999.7876
Maryland,Queen Anne's County,-82.86715833333334,0.3986,288.5070747453847,-999.0,0.7406,12,999.7406
Texas,Anderson County,-82.9113,0.34450000000000003,288.4932194956598,-999.0,0.8012,12,999.8012
Florida,Okeechobee County,-82.96476666666666,0.25135,288.4763425489179,-999.0,0.6394,12,999.6394
New York,Wyoming County,-83.01356666666666,0.2172,288.46094301690556,-999.0,0.457,12,999.457
South Carolina,Clarendon County,-83.05410833333333,0.2021,288.44815857971446,-999.0,0.3845,12,999.3845
South Carolina,Williamsburg County,-83.06807500000001,0.1565,288.4437731576535,-999.0,0.4735,12,999.4735
North Carolina,Hoke County,-83.10616666666667,0.10420000000000001,288.43177435548796,-999.0,0.3786,12,999.3786
Arizona,La Paz County,-83.16500833333333,0.0165,288.41326181389746,-999.0,0.4333,12,999.4333
Texas,Waller County,-90.46374545454545,0.335,301.32745028182666,-999.0,0.7845,11,999.7845
New York,Seneca County,-90.46841818181818,0.3673,301.325872807928,-999.0,0.5623,11,999.5623
Kansas,Wyandotte County,-93.03022031249999,0.7051499999999999,293.694101965898,-999.0,0.9891,64,999.9891
Michigan,Ingham County,-94.63224880952382,0.53705,295.1780284146308,-999.0,0.9849,84,999.9849
Kentucky,Christian County,-94.66289523809525,0.5918,300.65147311755595,-999.0,0.9113,21,999.9113
Michigan,Gratiot County,-99.42197,0.45875,316.07958976622416,-999.0,0.8514,10,999.8514
Iowa,Jasper County,-99.45874,0.46155,316.0666246803888,-999.0,0.8134,10,999.8134
Pennsylvania,Clinton County,-99.48586,0.41274999999999995,316.05723081875254,-999.0,0.8644,10,999.8644
New York,St. Lawrence County,-99.59395666666666,0.18685000000000002,304.9273094280461,-999.0,0.8448,30,999.8448
Utah,Wasatch County,-99.66385,0.21595,315.99455054890933,-999.0,0.5639,10,999.5639
Florida,Hendry County,-99.67927999999999,0.20715,315.9891123348496,-999.0,0.46,10,999.46
Texas,Coryell County,-104.93152631578948,0.2446,315.0662550109277,-999.0,0.4156,19,999.4156
Virginia,Dinwiddie County,-110.66891111111111,0.2205,333.1242471146255,-999.0,0.7051,9,999.7051
Tennessee,Cocke County,-110.72868888888888,0.2332,333.1018089886876,-999.0,0.5927,9,999.5927
North Carolina,Anson County,-110.76334444444444,0.1776,333.0887922162652,-999.0,0.5737,9,999.5737
Georgia,Bryan County,-110.7637,0.1951,333.0886485532455,-999.0,0.4607,9,999.4607
New York,Livingston County,-110.80654999999999,0.16875,323.12787483232637,-999.0,0.6057,18,999.6057
Tennessee,Carroll County,-110.80772222222222,0.1929,333.07212407805827,-999.0,0.3998,9,999.3998
South Carolina,Lee County,-110.82133333333334,0.1194,333.06703403101153,-999.0,0.4622,9,999.4622
New Mexico,Valencia County,-119.72193999999999,0.1293,331.39040816077863,-999.0,0.4547,25,999.4547
Colorado,Broomfield County,-124.31648333333334,0.6044,337.7098201952389,-999.0,0.9427,24,999.9427
Oregon,Malheur County,-124.4295875,0.445,353.3799050668292,-999.0,0.8415,8,999.8415
New York,Schoharie County,-124.7570125,0.10145,353.24752497490414,-999.0,0.254,8,999.254
North Carolina,Hertford County,-124.7887625,0.0847,353.23469080805563,-999.0,0.2549,8,999.2549
Virginia,Hopewell city,-142.02815714285714,0.7836,377.8890697864778,-999.0,0.8735,7,999.8735
Texas,Chambers County,-142.1456,0.7207,377.83731826620834,-999.0,0.8659,7,999.8659
Louisiana,West Feliciana Parish,-142.61004285714287,0.085,377.6324791131401,-999.0,0.2245,7,999.2245
Georgia,McIntosh County,-142.6892,0.0192,377.59757082005086,-999.0,0.0554,7,999.0554
Virginia,Accomack County,-153.47796923076925,0.2374,375.2534340837722,-999.0,0.5655,13,999.5655
Virginia,Pulaski County,-166.18766666666667,0.33185,389.00616319236184,-999.0,0.6673,12,999.6673
Virginia,Southampton County,-166.26903333333334,0.2238,407.9532277212262,-999.0,0.566,6,999.566
Texas,Jones County,-166.33011666666667,0.1617,407.92328313762334,-999.0,0.3321,6,999.3321
Montana,Park County,-166.34975,0.16515000000000002,407.9136501272138,-999.0,0.2196,6,999.2196
Virginia,Brunswick County,-166.36238333333333,0.11335,407.90747334353375,-999.0,0.3044,6,999.3044
Virginia,Sussex County,-199.52896,0.2109,446.9179256145954,-999.0,0.5531,5,999.5531
Georgia,Chattahoochee County,-199.55984,0.2905,446.9006635588249,-999.0,0.4825,5,999.4825
Colorado,Fremont County,-199.57963333333333,0.1911,413.7393779172941,-999.0,0.5968,15,999.5968
Florida,Glades County,-199.59359999999998,0.1477,446.88179791302196,-999.0,0.5173,5,999.5173
Michigan,Chippewa County,-199.60428,0.1623,413.72663368757185,-999.0,0.6832,15,999.6832
Texas,Pecos County,-199.61212,0.2002,446.87143301743066,-999.0,0.453,5,999.453
Georgia,Long County,-199.69026,0.0682,446.82773480141987,-999.0,0.2266,5,999.2266
New Mexico,Torrance County,-199.69494,0.1182,446.82511983169434,-999.0,0.254,5,999.254
Kentucky,Edmonson County,-199.78442,0.0052,446.7750917061536,-999.0,0.0434,5,999.0434
Mississippi,Tunica County,-249.56097499999998,0.20745,499.62602323029824,-999.0,0.3412,4,999.3412
Kentucky,Lyon County,-249.66324999999998,0.07865,499.55783640656,-999.0,0.1897,4,999.1897
Florida,Liberty County,-249.670475,0.0807,499.55301850867556,-999.0,0.1567,4,999.1567
Kentucky,Trigg County,-285.2850142857143,0.1395,487.56016118574684,-999.0,0.3407,7,999.3407
Montana,Toole County,-332.65093333333334,0.4389,577.0752257372892,-999.0,0.6083,3,999.6083
Virginia,Greensville County,-332.69,0.3385,577.0414006613823,-999.0,0.5915,3,999.5915
Texas,Garza County,-332.72346666666664,0.413,577.0124038149036,-999.0,0.4166,3,999.4166
Michigan,Luce County,-332.84999999999997,0.1514,576.9028274258674,-999.0,0.2986,3,999.2986
Tennessee,Stewart County,-332.9023666666667,0.06655,515.9570145765117,-999.0,0.2742,6,999.2742
West Virginia,Gilmer County,-332.9245,0.0674,576.8383056606158,-999.0,0.1591,3,999.1591
Michigan,Keweenaw County,-499.4928,-499.4928,706.4098567430101,-999.0,0.0144,2,999.0144
Hawaii,Kauai County,-999.0,-999.0,0.0,-999.0,-999.0,18,0.0
Hawaii,Maui County,-999.0,-999.0,0.0,-999.0,-999.0,45,0.0
Hawaii,Kalawao County,-999.0,-999.0,,-999.0,-999.0,1,0.0
Hawaii,Hawaii County,-999.0,-999.0,0.0,-999.0,-999.0,43,0.0
Guam,Guam,-999.0,-999.0,0.0,-999.0,-999.0,56,0.0
Hawaii,Honolulu County,-999.0,-999.0,0.0,-999.0,-999.0,329,0.0
Puerto Rico,Yauco Municipio,-999.0,-999.0,0.0,-999.0,-999.0,11,0.0
Puerto Rico,Añasco Municipio,-999.0,-999.0,0.0,-999.0,-999.0,7,0.0
Puerto Rico,Yabucoa Municipio,-999.0,-999.0,0.0,-999.0,-999.0,9,0.0
Alaska,Southeast Fairbanks Census Area,-999.0,-999.0,0.0,-999.0,-999.0,2,0.0
Puerto Rico,Gurabo Municipio,-999.0,-999.0,0.0,-999.0,-999.0,11,0.0
Puerto Rico,Guánica Municipio,-999.0,-999.0,0.0,-999.0,-999.0,7,0.0
Puerto Rico,Hatillo Municipio,-999.0,-999.0,0.0,-999.0,-999.0,6,0.0
American Samoa,Swains Island,-999.0,-999.0,,-999.0,-999.0,1,0.0
American Samoa,Rose Island,-999.0,-999.0,,-999.0,-999.0,1,0.0
American Samoa,Manu'a District,-999.0,-999.0,,-999.0,-999.0,1,0.0
American Samoa,Eastern District,-999.0,-999.0,0.0,-999.0,-999.0,7,0.0
Alaska,Yukon-Koyukuk Census Area,-999.0,-999.0,0.0,-999.0,-999.0,4,0.0
Puerto Rico,Hormigueros Municipio,-999.0,-999.0,0.0,-999.0,-999.0,5,0.0
Alaska,Yakutat City and Borough,-999.0,-999.0,,-999.0,-999.0,1,0.0
Puerto Rico,Humacao Municipio,-999.0,-999.0,0.0,-999.0,-999.0,13,0.0
Alaska,Wrangell City and Borough,-999.0,-999.0,,-999.0,-999.0,1,0.0
Alaska,Skagway Municipality,-999.0,-999.0,,-999.0,-999.0,1,0.0
Puerto Rico,Guaynabo Municipio,-999.0,-999.0,0.0,-999.0,-999.0,27,0.0
Alaska,Sitka City and Borough,-999.0,-999.0,0.0,-999.0,-999.0,2,0.0
Puerto Rico,Isabela Municipio,-999.0,-999.0,0.0,-999.0,-999.0,11,0.0
Puerto Rico,Jayuya Municipio,-999.0,-999.0,0.0,-999.0,-999.0,3,0.0
Alaska,Prince of Wales-Hyder Census Area,-999.0,-999.0,0.0,-999.0,-999.0,4,0.0
Puerto Rico,Juana Díaz Municipio,-999.0,-999.0,0.0,-999.0,-999.0,12,0.0
United States Virgin Islands,St. Croix Island,-999.0,-999.0,0.0,-999.0,-999.0,15,0.0
United States Virgin Islands,St. John Island,-999.0,-999.0,0.0,-999.0,-999.0,2,0.0
United States Virgin Islands,St. Thomas Island,-999.0,-999.0,0.0,-999.0,-999.0,12,0.0
Alaska,Petersburg Borough,-999.0,-999.0,,-999.0,-999.0,1,0.0
Alaska,Northwest Arctic Borough,-999.0,-999.0,0.0,-999.0,-999.0,2,0.0
Alaska,North Slope Borough,-999.0,-999.0,0.0,-999.0,-999.0,3,0.0
Alaska,Nome Census Area,-999.0,-999.0,0.0,-999.0,-999.0,2,0.0
American Samoa,Western District,-999.0,-999.0,0.0,-999.0,-999.0,8,0.0
Puerto Rico,Guayanilla Municipio,-999.0,-999.0,0.0,-999.0,-999.0,5,0.0
Puerto Rico,Villalba Municipio,-999.0,-999.0,0.0,-999.0,-999.0,6,0.0
Puerto Rico,Canóvanas Municipio,-999.0,-999.0,0.0,-999.0,-999.0,12,0.0
Puerto Rico,Arecibo Municipio,-999.0,-999.0,0.0,-999.0,-999.0,24,0.0
Puerto Rico,Aibonito Municipio,-999.0,-999.0,0.0,-999.0,-999.0,6,0.0
Puerto Rico,Aguas Buenas Municipio,-999.0,-999.0,0.0,-999.0,-999.0,6,0.0
Puerto Rico,Barceloneta Municipio,-999.0,-999.0,0.0,-999.0,-999.0,4,0.0
Puerto Rico,Aguadilla Municipio,-999.0,-999.0,0.0,-999.0,-999.0,16,0.0
Puerto Rico,Barranquitas Municipio,-999.0,-999.0,0.0,-999.0,-999.0,6,0.0
Puerto Rico,Aguada Municipio,-999.0,-999.0,0.0,-999.0,-999.0,9,0.0
Puerto Rico,Adjuntas Municipio,-999.0,-999.0,0.0,-999.0,-999.0,6,0.0
Puerto Rico,Bayamón Municipio,-999.0,-999.0,0.0,-999.0,-999.0,63,0.0
Puerto Rico,Cabo Rojo Municipio,-999.0,-999.0,0.0,-999.0,-999.0,14,0.0
Puerto Rico,Caguas Municipio,-999.0,-999.0,0.0,-999.0,-999.0,34,0.0
Puerto Rico,Camuy Municipio,-999.0,-999.0,0.0,-999.0,-999.0,7,0.0
Puerto Rico,Carolina Municipio,-999.0,-999.0,0.0,-999.0,-999.0,44,0.0
Puerto Rico,Guayama Municipio,-999.0,-999.0,0.0,-999.0,-999.0,9,0.0
Puerto Rico,Cataño Municipio,-999.0,-999.0,0.0,-999.0,-999.0,15,0.0
Puerto Rico,Cayey Municipio,-999.0,-999.0,0.0,-999.0,-999.0,11,0.0
Puerto Rico,Ceiba Municipio,-999.0,-999.0,0.0,-999.0,-999.0,3,0.0
Puerto Rico,Ciales Municipio,-999.0,-999.0,0.0,-999.0,-999.0,4,0.0
Puerto Rico,Cidra Municipio,-999.0,-999.0,0.0,-999.0,-999.0,10,0.0
Puerto Rico,Coamo Municipio,-999.0,-999.0,0.0,-999.0,-999.0,9,0.0
Puerto Rico,Comerío Municipio,-999.0,-999.0,0.0,-999.0,-999.0,5,0.0
Puerto Rico,Corozal Municipio,-999.0,-999.0,0.0,-999.0,-999.0,6,0.0
Puerto Rico,Culebra Municipio,-999.0,-999.0,0.0,-999.0,-999.0,2,0.0
Puerto Rico,Dorado Municipio,-999.0,-999.0,0.0,-999.0,-999.0,8,0.0
Puerto Rico,Fajardo Municipio,-999.0,-999.0,0.0,-999.0,-999.0,10,0.0
Puerto Rico,Florida Municipio,-999.0,-999.0,0.0,-999.0,-999.0,2,0.0
Puerto Rico,Juncos Municipio,-999.0,-999.0,0.0,-999.0,-999.0,7,0.0
Alaska,Matanuska-Susitna Borough,-999.0,-999.0,0.0,-999.0,-999.0,24,0.0
Alaska,Lake and Peninsula Borough,-999.0,-999.0,,-999.0,-999.0,1,0.0
Puerto Rico,San Juan Municipio,-999.0,-999.0,0.0,-999.0,-999.0,137,0.0
Puerto Rico,Peñuelas Municipio,-999.0,-999.0,0.0,-999.0,-999.0,6,0.0
Puerto Rico,Ponce Municipio,-999.0,-999.0,0.0,-999.0,-999.0,45,0.0
Alaska,Copper River Census Area,-999.0,-999.0,,-999.0,-999.0,1,0.0
Puerto Rico,Quebradillas Municipio,-999.0,-999.0,0.0,-999.0,-999.0,4,0.0
Puerto Rico,Rincón Municipio,-999.0,-999.0,0.0,-999.0,-999.0,5,0.0
Puerto Rico,Río Grande Municipio,-999.0,-999.0,0.0,-999.0,-999.0,12,0.0
Puerto Rico,Sabana Grande Municipio,-999.0,-999.0,0.0,-999.0,-999.0,6,0.0
Alaska,Chugach Census Area,-999.0,-999.0,0.0,-999.0,-999.0,2,0.0
Puerto Rico,Salinas Municipio,-999.0,-999.0,0.0,-999.0,-999.0,8,0.0
Alaska,Bristol Bay Borough,-999.0,-999.0,,-999.0,-999.0,1,0.0
Alaska,Bethel Census Area,-999.0,-999.0,0.0,-999.0,-999.0,3,0.0
Puerto Rico,San Germán Municipio,-999.0,-999.0,0.0,-999.0,-999.0,7,0.0
Alaska,Anchorage Municipality,-999.0,-999.0,0.0,-999.0,-999.0,61,0.0
Puerto Rico,Lajas Municipio,-999.0,-999.0,0.0,-999.0,-999.0,5,0.0
Alaska,Aleutians West Census Area,-999.0,-999.0,0.0,-999.0,-999.0,2,0.0
Alaska,Aleutians East Borough,-999.0,-999.0,,-999.0,-999.0,1,0.0
Puerto Rico,San Lorenzo Municipio,-999.0,-999.0,0.0,-999.0,-999.0,9,0.0
Puerto Rico,San Sebastián Municipio,-999.0,-999.0,0.0,-999.0,-999.0,9,0.0
Puerto Rico,Santa Isabel Municipio,-999.0,-999.0,0.0,-999.0,-999.0,5,0.0
Puerto Rico,Toa Alta Municipio,-999.0,-999.0,0.0,-999.0,-999.0,13,0.0
Puerto Rico,Toa Baja Municipio,-999.0,-999.0,0.0,-999.0,-999.0,23,0.0
Puerto Rico,Trujillo Alto Municipio,-999.0,-999.0,0.0,-999.0,-999.0,17,0.0
Puerto Rico,Utuado Municipio,-999.0,-999.0,0.0,-999.0,-999.0,8,0.0
Puerto Rico,Vega Alta Municipio,-999.0,-999.0,0.0,-999.0,-999.0,9,0.0
Puerto Rico,Vega Baja Municipio,-999.0,-999.0,0.0,-999.0,-999.0,13,0.0
Puerto Rico,Vieques Municipio,-999.0,-999.0,0.0,-999.0,-999.0,2,0.0
Alaska,Denali Borough,-999.0,-999.0,,-999.0,-999.0,1,0.0
Puerto Rico,Patillas Municipio,-999.0,-999.0,0.0,-999.0,-999.0,4,0.0
Alaska,Dillingham Census Area,-999.0,-999.0,0.0,-999.0,-999.0,2,0.0
Puerto Rico,Orocovis Municipio,-999.0,-999.0,0.0,-999.0,-999.0,7,0.0
Puerto Rico,Lares Municipio,-999.0,-999.0,0.0,-999.0,-999.0,8,0.0
Puerto Rico,Las Marías Municipio,-999.0,-999.0,0.0,-999.0,-999.0,3,0.0
Puerto Rico,Las Piedras Municipio,-999.0,-999.0,0.0,-999.0,-999.0,8,0.0
Alaska,Kusilvak Census Area,-999.0,-999.0,,-999.0,-999.0,1,0.0
Puerto Rico,Loíza Municipio,-999.0,-999.0,0.0,-999.0,-999.0,10,0.0
Puerto Rico,Luquillo Municipio,-999.0,-999.0,0.0,-999.0,-999.0,5,0.0
Puerto Rico,Manatí Municipio,-999.0,-999.0,0.0,-999.0,-999.0,9,0.0
Alaska,Kodiak Island Borough,-999.0,-999.0,0.0,-999.0,-999.0,5,0.0
Puerto Rico,Maricao Municipio,-999.0,-999.0,0.0,-999.0,-999.0,2,0.0
Commonwealth of the Northern Mariana Islands,Northern Islands Municipality,-999.0,-999.0,,-999.0,-999.0,1,0.0
Puerto Rico,Maunabo Municipio,-999.0,-999.0,0.0,-999.0,-999.0,3,0.0
Commonwealth of the Northern Mariana Islands,Rota Municipality,-999.0,-999.0,,-999.0,-999.0,1,0.0
Commonwealth of the Northern Mariana Islands,Saipan Municipality,-999.0,-999.0,0.0,-999.0,-999.0,17,0.0
Puerto Rico,Arroyo Municipio,-999.0,-999.0,0.0,-999.0,-999.0,4,0.0
Alaska,Kenai Peninsula Borough,-999.0,-999.0,0.0,-999.0,-999.0,14,0.0
Commonwealth of the Northern Mariana Islands,Tinian Municipality,-999.0,-999.0,0.0,-999.0,-999.0,4,0.0
Alaska,Juneau City and Borough,-999.0,-999.0,0.0,-999.0,-999.0,6,0.0
Puerto Rico,Mayagüez Municipio,-999.0,-999.0,0.0,-999.0,-999.0,25,0.0
Alaska,Hoonah-Angoon Census Area,-999.0,-999.0,,-999.0,-999.0,1,0.0
Alaska,Haines Borough,-999.0,-999.0,,-999.0,-999.0,1,0.0
Puerto Rico,Moca Municipio,-999.0,-999.0,0.0,-999.0,-999.0,8,0.0
Puerto Rico,Morovis Municipio,-999.0,-999.0,0.0,-999.0,-999.0,7,0.0
Alaska,Fairbanks North Star Borough,-999.0,-999.0,0.0,-999.0,-999.0,22,0.0
Puerto Rico,Naguabo Municipio,-999.0,-999.0,0.0,-999.0,-999.0,4,0.0
Puerto Rico,Naranjito Municipio,-999.0,-999.0,0.0,-999.0,-999.0,5,0.0
Alaska,Ketchikan Gateway Borough,-999.0,-999.0,0.0,-999.0,-999.0,5,0.0
